ID,age,gender,nationality,ethnicity,education,income,state,FPPosture1,FPPosture2,FPPosture3,FPPosture4,FPPosture5,FPPosture6,FPPosture7,FPPosture8,FPPosture10,FPPosture11,FPPosture12,FPPosture13,FPPosture14,FPPosture15,FPPosture16,FPPosture17,FPPosture18,FPPosture19,FPPosture20,SECS_1,SECS_2,SECS_3,SECS_4,SECS_5,SECS_6,SECS_7,SECS_8,SECS_9,SECS_10,SECS_11,SECS_12,SDO_1,SDO_2,SDO_3,SDO_4,SDO_5,SDO_6,SDO_7,SDO_8,SDO_9,SDO_10,SDO_11,SDO_12,SDO_13,SDO_14,SDO_15,SDO_16
1,66,1,US,1,6,5,Indiana,5,6,5,5,6,5,6,4,4,5,3,5,6,6,5,3,5,4,5,19,36,86,43,94,35,57,87,58,80,42,81,4,4,4,5,5,5,4,5,6,6,6,5,7,6,5,6
2,32,1,US,1,2,4,Pennsylvania,5,6,4,5,6,4,5,5,5,4,5,5,4,6,5,4,5,5,4,42,82,80,80,83,64,81,88,75,68,77,77,6,6,6,5,6,5,6,5,6,6,7,6,6,6,5,7
3,42,0,US,2,8,5,OH,5,5,6,7,6,6,6,7,5,6,5,7,5,6,6,6,7,6,5,89,63,68,72,90,80,77,84,72,85,75,82,5,7,6,6,6,7,6,6,5,7,5,6,7,6,5,6
4,38,1,US,1,2,4,INDIANA,7,7,7,7,7,7,7,7,5,7,7,7,7,7,7,7,7,7,7,94,72,66,84,72,76,80,72,58,91,82,64,6,6,7,7,6,6,7,6,5,6,6,6,7,6,7,4
5,59,1,US,1,6,5,Indiana,5,5,5,4,6,5,5,5,6,4,5,4,4,5,5,5,5,5,5,22,54,75,86,83,57,81,81,73,75,82,70,5,4,4,4,5,4,5,6,4,5,6,5,5,6,4,5
6,41,1,US,1,6,6,INDIANA,5,5,5,4,6,6,3,5,5,5,4,6,5,5,3,5,4,5,4,91,77,75,80,78,86,85,86,86,78,86,76,6,6,6,5,5,5,5,6,6,5,5,6,5,6,5,4
7,50,1,US,1,6,4,TEXAS,6,6,6,6,6,4,3,5,5,5,5,3,6,2,6,6,6,5,6,44,71,77,68,88,69,50,67,67,65,77,75,5,6,6,5,6,5,6,6,6,6,5,6,6,6,5,6
8,67,0,US,1,6,1,PA,5,6,7,7,7,7,5,7,7,6,3,5,5,5,5,7,6,5,5,0,0,100,100,100,0,100,100,100,100,100,0,7,7,7,7,7,7,7,7,7,7,7,7,7,7,7,7
9,40,0,US,1,6,5,Indiana,5,6,6,7,7,6,4,5,3,4,5,4,6,4,4,5,4,5,6,20,82,85,85,79,45,100,100,58,98,89,100,3,3,5,4,4,6,4,5,7,5,6,4,7,5,4,4
10,40,0,US,1,7,5,DC,7,5,6,6,5,6,6,5,5,6,6,6,5,5,5,6,6,5,6,39,65,77,53,64,35,70,65,68,70,59,55,6,6,6,6,5,7,5,7,6,6,6,7,5,5,6,5
11,48,0,US,1,5,2,OH,5,5,4,4,4,4,5,5,4,4,5,4,4,5,5,5,4,5,4,59,60,64,74,65,65,85,62,75,69,74,66,5,5,5,6,6,6,6,5,5,5,6,6,5,6,5,6
12,26,1,US,2,6,4,american,3,5,3,5,4,3,2,4,3,5,5,5,5,3,3,4,2,4,5,94,69,47,84,78,65,75,74,60,40,73,63,5,4,3,3,3,3,4,4,5,2,5,5,5,5,4,4
13,57,0,US,1,5,4,Texas,5,4,5,4,6,7,5,6,7,4,4,6,6,5,7,6,5,6,6,31,57,73,62,65,66,69,51,58,71,78,42,6,6,5,4,6,5,5,6,6,5,4,4,6,4,5,6
14,56,0,US,5,8,6,WA,5,4,6,6,4,4,4,4,5,4,5,4,5,5,4,5,4,5,5,71,59,72,84,68,70,74,72,63,73,80,64,4,5,6,4,5,5,5,5,4,4,5,6,5,6,6,5
15,41,1,US,2,5,6,taxes,7,6,6,6,5,6,5,7,6,7,6,6,7,6,6,7,5,7,7,73,64,84,75,82,82,73,83,78,81,71,84,5,6,7,6,7,6,6,7,6,7,7,6,6,6,7,6
16,48,1,US,1,10,4,NC,5,4,4,3,5,4,4,5,4,4,5,5,5,4,4,4,4,5,4,75,72,73,69,77,72,77,68,73,74,65,73,5,5,5,4,4,5,4,4,5,5,4,5,4,4,4,5
17,42,1,US,2,8,3,usa,6,7,5,7,6,6,7,7,7,7,6,7,6,6,6,6,6,7,7,63,81,100,90,91,71,79,75,100,79,96,97,7,6,6,7,7,7,7,7,6,6,7,7,6,7,7,7
18,48,0,US,1,7,7,NORTH CAROLINA,7,5,6,5,5,6,7,7,4,6,6,4,5,5,6,6,5,5,7,75,90,70,72,74,89,87,77,73,84,89,78,5,6,5,5,5,6,4,4,5,6,6,4,5,5,5,4
19,31,0,US,3,6,4,Tx,6,7,5,5,6,7,6,7,6,7,7,5,6,5,6,5,7,7,5,51,95,89,71,87,83,81,79,82,80,91,89,6,6,6,5,7,7,6,6,6,7,5,6,5,7,5,7
20,48,1,US,1,8,4,NC,4,4,4,5,5,5,4,5,4,4,5,4,4,4,5,4,5,5,5,40,64,69,72,70,70,67,45,61,66,75,71,5,5,6,5,5,5,6,6,6,5,6,4,5,6,5,6
21,51,0,US,1,6,1,TEXAS,6,5,6,6,5,5,6,6,6,6,6,6,6,5,5,5,5,5,5,75,76,85,74,86,84,73,76,83,82,79,85,5,4,4,5,5,5,6,5,5,6,5,5,4,6,4,6
22,40,0,US,3,6,4,NORTH CAROLINA,6,5,5,6,6,6,6,5,6,4,5,6,6,6,5,4,6,4,6,39,80,91,62,64,73,62,78,59,72,64,75,5,5,5,6,5,6,6,6,6,5,6,6,5,5,5,6
23,32,0,US,1,8,6,New York,5,5,6,6,6,4,4,5,6,6,4,4,6,4,6,4,7,4,5,44,88,82,80,85,90,81,91,84,82,91,84,6,6,5,6,6,5,7,7,5,6,6,5,4,4,5,5
24,32,1,US,1,8,6,new york,6,6,4,4,5,6,5,4,5,5,5,4,5,5,5,6,6,3,4,23,71,91,63,64,38,90,76,42,76,65,64,4,6,5,4,6,6,6,5,5,5,7,5,6,6,6,3
25,24,1,US,1,6,4,Los Angeles,5,6,4,5,5,6,4,5,5,4,6,5,6,4,4,5,4,4,4,72,45,62,63,42,70,44,67,68,80,79,66,5,2,2,2,2,3,4,4,5,4,4,3,4,5,4,3
26,35,1,US,1,2,2,NV,5,5,4,5,5,5,5,5,5,4,5,5,5,5,6,4,5,4,5,51,52,51,66,64,53,52,67,52,52,51,51,7,7,7,6,7,6,6,6,6,7,7,6,7,6,6,6
27,25,1,US,5,6,6,NY,3,3,2,6,2,5,6,4,5,5,7,1,4,5,4,7,3,6,3,68,43,46,45,65,37,62,62,58,59,42,58,5,4,7,1,6,3,3,6,3,4,7,5,7,2,5,1
28,36,0,US,2,8,2,NY,7,5,7,7,7,7,5,6,7,7,6,5,6,5,6,6,5,7,6,94,85,75,84,88,93,95,92,95,82,94,85,7,5,7,7,6,5,6,5,7,7,7,5,6,7,5,6
29,36,0,US,1,2,2,india,6,6,6,6,6,6,6,6,6,6,6,6,6,6,6,6,6,6,6,63,60,60,68,64,71,81,66,65,67,65,63,3,4,2,2,2,4,7,2,4,5,3,2,4,5,3,1
30,25,1,US,5,6,5,CA,7,5,1,1,6,4,4,4,1,3,2,7,4,7,2,6,6,5,3,58,52,56,52,54,69,54,68,52,54,89,54,2,7,1,2,4,2,1,1,4,5,2,2,6,2,3,3
31,25,1,US,1,6,5,FL,4,5,4,3,1,6,5,5,6,2,6,6,6,6,5,6,3,2,1,28,75,79,78,71,35,100,38,92,79,77,21,5,4,6,6,7,5,6,2,3,7,1,6,5,2,3,4
32,25,0,US,1,7,6,TX,3,3,3,5,4,5,4,4,4,4,4,5,3,5,3,3,3,4,4,70,60,80,70,70,60,72,85,80,83,60,60,4,3,5,4,5,3,4,4,3,4,3,4,4,3,5,4
33,28,1,US,1,6,1,New York,4,4,4,4,4,4,4,4,4,4,4,4,4,4,4,4,4,5,4,50,50,50,50,50,50,50,50,50,50,50,50,4,4,4,4,4,4,4,4,4,4,4,4,4,4,4,4
34,36,1,US,2,2,2,NC,7,7,7,6,7,3,3,5,6,2,4,2,5,5,6,5,6,2,7,100,0,50,50,100,0,0,0,50,20,50,50,1,1,1,1,1,1,1,1,7,7,7,7,7,7,7,7
35,24,0,US,1,8,3,California,6,6,7,6,6,7,6,6,5,6,7,1,7,7,6,6,7,1,7,0,67,72,77,83,74,90,85,69,85,100,7,4,5,7,7,5,7,7,7,7,5,5,5,7,5,7,5
36,30,1,US,1,8,1,indian,5,3,3,3,5,5,3,5,3,3,5,3,6,5,5,3,5,3,3,54,51,51,86,52,51,52,51,55,52,53,51,2,4,2,3,3,2,3,5,2,2,2,2,4,2,3,2
37,43,1,US,2,4,4,Florida,7,7,7,7,7,7,7,7,7,7,4,7,7,7,4,7,7,7,7,0,100,51,100,51,100,100,100,100,100,100,100,1,1,1,1,1,1,1,1,7,7,7,7,7,7,7,7
38,33,0,US,1,6,5,Indiana,5,4,4,5,5,5,5,5,5,5,4,4,6,5,5,4,5,5,5,23,79,73,78,59,73,68,78,60,76,70,62,5,4,3,6,4,5,3,5,4,5,4,4,5,5,4,5
39,38,1,US,1,4,2,Michigan,5,4,4,3,5,4,4,5,4,4,5,6,5,5,4,4,1,6,3,51,100,51,0,51,100,0,81,51,51,51,51,4,4,6,2,4,4,4,2,3,3,5,4,4,3,5,5
40,25,1,US,1,6,6,California,3,7,6,1,2,3,5,1,6,2,1,6,2,4,4,5,1,6,4,60,66,70,68,83,68,66,63,63,58,69,77,3,7,2,7,4,6,5,7,5,7,2,1,2,7,7,7
41,29,1,US,1,6,4,new york,5,5,5,4,5,6,5,5,4,5,6,3,5,4,4,6,5,2,3,51,52,65,51,53,51,51,64,60,51,52,51,4,5,7,6,5,4,4,4,4,5,5,4,7,6,5,5
42,40,1,US,1,6,1,California,7,6,5,7,6,7,5,5,6,6,6,6,6,5,6,5,7,6,5,97,94,89,100,100,100,96,98,91,97,100,100,6,6,5,6,6,7,5,6,5,7,6,5,6,6,7,6
43,38,1,US,1,6,5,Indiana,5,5,6,7,6,7,4,5,5,4,4,4,5,6,4,6,4,4,5,25,69,89,90,84,28,100,72,52,86,100,62,4,4,5,5,6,5,4,7,5,5,6,5,7,6,6,4
44,43,1,US,4,4,4,fl,3,5,2,3,5,5,3,5,3,3,5,3,2,2,6,3,2,6,3,14,56,71,59,87,73,64,62,56,83,86,74,5,4,5,5,5,5,5,6,2,3,6,2,2,4,3,5
45,25,1,US,5,6,5,FL,4,6,5,5,1,3,7,1,1,5,7,4,4,3,2,4,2,3,3,52,82,57,52,85,83,52,57,55,87,74,64,5,1,3,1,2,3,3,6,2,6,3,6,2,7,2,5
46,25,1,US,1,6,5,CA,1,4,6,2,1,1,2,7,4,4,7,1,7,7,3,1,5,4,7,74,69,100,34,35,40,57,74,57,89,43,40,5,7,6,6,5,1,5,6,4,1,5,7,7,6,3,2
47,25,1,US,1,5,4,MO,4,3,7,6,4,4,4,2,3,5,3,5,5,1,5,2,4,4,6,71,68,26,33,15,17,80,79,31,83,21,70,6,3,5,3,2,5,4,3,6,5,2,4,5,1,6,3
48,38,1,US,1,6,4,Georgia,4,5,5,4,4,5,5,5,4,5,5,4,6,5,4,5,5,4,4,28,59,87,80,88,19,78,69,44,95,83,29,4,4,4,5,4,5,4,5,4,4,4,4,4,5,4,5
49,50,1,US,1,6,5,Texas,4,4,4,2,5,5,5,7,4,5,3,6,3,5,7,4,6,5,7,0,41,100,82,61,0,24,38,36,80,66,78,3,3,5,5,4,4,4,3,6,6,3,6,7,7,5,5
50,25,0,US,1,8,6,CA,4,3,3,3,3,4,3,3,3,3,4,3,4,4,1,2,3,3,4,65,75,71,76,72,70,67,68,73,71,63,68,3,4,5,4,4,5,4,5,4,4,3,5,4,4,4,4
51,54,1,US,1,8,8,Arkansas,5,6,5,3,5,4,2,5,3,6,2,3,6,3,3,3,3,4,5,8,85,77,16,23,67,60,58,92,75,70,74,2,2,2,2,2,2,2,2,5,5,6,6,6,6,3,6
52,30,1,US,1,5,5,indiana,6,7,5,6,6,5,7,6,7,6,7,6,5,6,6,7,6,6,5,78,69,72,72,71,75,67,66,68,69,71,77,6,5,6,5,7,7,5,6,7,6,6,7,6,6,5,7
53,48,0,US,1,8,7,usa,5,6,5,5,5,4,6,4,4,6,5,5,6,5,6,5,5,6,5,59,68,66,83,63,68,67,61,65,65,76,69,4,6,5,5,5,4,5,4,5,6,5,5,4,5,6,6
54,43,1,US,1,6,5,Georgia,5,5,5,5,5,6,6,5,5,5,5,6,5,6,6,6,6,5,6,18,62,64,78,70,37,79,92,80,68,70,89,6,4,3,4,5,5,5,5,5,4,4,5,5,4,3,4
55,39,0,US,1,6,4,New Jersey,5,6,4,4,5,2,2,2,6,3,5,5,2,5,5,3,2,4,5,95,41,41,75,94,19,50,50,57,34,50,58,1,1,1,1,1,1,1,1,7,7,7,7,7,7,7,7
56,29,1,US,1,6,5,new york,4,5,4,4,4,4,5,5,6,6,4,5,6,6,2,3,4,4,6,64,70,75,83,67,30,72,71,87,81,79,74,4,6,5,1,4,5,4,4,3,6,3,5,7,5,4,6
57,39,1,US,1,6,5,USA,5,5,4,5,5,5,6,5,4,6,4,5,4,5,5,4,6,5,5,73,73,74,86,74,61,53,64,67,65,65,56,4,5,5,4,5,4,5,3,4,4,5,5,4,4,5,5
58,48,0,US,1,8,7,north carolina,6,6,5,6,4,6,5,5,4,4,6,4,5,7,5,5,4,5,5,78,78,88,77,84,85,76,83,87,82,85,94,5,4,4,5,4,3,4,5,5,3,4,3,4,4,4,5
59,28,1,US,1,2,4,united state,5,5,5,4,4,5,4,5,4,4,4,4,5,5,4,5,5,4,5,67,53,63,44,59,73,57,75,61,72,59,45,5,4,5,5,5,4,5,4,5,4,4,4,3,4,5,5
60,38,1,US,1,6,5,INDIANA,4,6,5,5,4,5,4,5,5,6,5,5,5,6,4,4,5,4,5,40,72,72,59,77,39,73,82,60,86,69,66,5,5,5,5,6,4,5,5,6,6,5,4,6,5,6,4
61,38,0,US,1,4,7,PA,1,5,5,5,6,5,4,6,6,5,6,6,3,5,6,3,3,4,5,100,50,100,20,50,5,100,100,70,50,100,40,1,1,1,1,1,1,1,1,7,7,7,7,7,5,6,7
62,56,1,US,1,6,7,NY,7,7,7,7,7,3,2,2,5,5,1,1,6,2,1,7,7,1,7,100,7,9,2,95,0,50,13,19,7,50,16,1,1,1,1,1,1,1,1,7,7,7,7,7,7,7,7
63,31,0,US,1,8,5,New York,7,7,7,2,6,1,1,5,6,1,1,3,6,1,1,7,5,1,7,96,38,37,44,80,0,35,21,51,64,98,48,1,1,1,1,1,1,1,1,7,7,7,7,7,7,7,7
64,26,1,US,1,2,6,New york,6,5,7,4,7,4,4,5,6,5,5,5,5,6,4,2,4,3,7,83,100,45,4,75,52,33,44,80,79,68,30,1,1,3,1,1,1,1,1,7,7,7,7,7,7,7,7
65,59,1,US,1,5,3,WA,4,4,5,6,4,4,3,4,5,5,5,5,4,5,4,5,5,5,4,78,61,74,66,77,59,67,57,57,60,68,58,4,3,5,4,4,5,5,6,5,6,6,4,3,4,4,5
66,51,0,US,1,4,7,Arkansas,6,5,3,3,3,2,2,2,5,5,5,6,2,3,6,2,5,5,3,87,98,96,91,87,91,97,96,97,82,96,85,2,1,2,1,1,3,1,1,6,3,6,3,5,6,3,7
67,25,1,US,1,6,6,CA,5,6,4,5,5,3,3,2,3,5,3,5,2,7,2,7,5,6,2,64,61,75,68,63,65,66,62,68,63,59,69,7,4,7,4,7,2,7,6,7,1,1,4,4,7,1,1
68,33,1,US,1,4,3,Pennsylvania,6,7,7,6,7,4,5,3,4,4,2,5,4,3,4,5,5,3,6,50,30,76,0,100,15,22,11,57,33,66,26,1,2,1,2,1,1,1,1,7,7,7,7,6,7,7,6
69,24,0,US,1,8,6,FL,6,5,5,5,5,5,4,6,5,5,6,5,5,6,5,6,6,6,5,88,92,96,82,76,94,91,80,100,82,78,94,4,5,7,6,5,4,4,7,5,4,6,6,5,6,3,5
70,33,1,US,1,5,5,OHIO,5,5,6,6,6,6,5,5,6,5,5,6,5,5,5,6,5,6,5,88,77,88,79,78,77,88,78,90,89,81,79,6,6,5,6,5,5,6,5,6,5,6,6,5,5,6,5
71,24,1,US,5,6,4,GA,6,6,4,5,4,7,5,4,5,2,4,3,6,4,2,4,6,5,4,76,100,72,31,56,86,31,41,36,58,31,38,5,4,2,3,4,5,2,7,7,5,2,6,1,7,5,4
72,47,1,US,1,4,6,North Carolina,5,5,5,5,5,5,5,6,1,7,2,3,5,3,3,4,5,3,5,19,59,91,64,63,84,46,80,88,91,54,57,5,4,5,4,3,6,4,4,3,3,4,3,2,2,2,2
73,24,1,US,1,6,5,California,7,1,4,6,3,1,5,2,6,2,4,3,2,2,7,7,4,4,4,67,41,74,70,39,72,39,70,38,42,74,66,5,6,7,3,3,2,2,5,7,6,6,3,2,1,5,5
74,30,1,US,1,6,1,yes,4,2,2,2,2,3,2,2,2,2,2,2,2,2,3,2,2,2,3,53,52,51,53,52,66,53,52,52,52,52,52,2,3,2,2,2,2,2,3,3,2,2,2,2,2,2,7
75,60,1,US,1,6,2,Oregon,5,6,5,5,7,5,3,4,6,4,3,2,4,2,3,5,4,3,6,51,40,55,15,72,17,17,16,71,51,60,16,1,1,1,1,1,1,1,1,7,6,7,6,7,7,6,7
76,42,1,US,1,2,3,Michigan,7,2,5,2,3,2,2,3,6,2,6,7,2,6,6,2,3,5,5,0,50,10,0,90,5,0,0,50,10,10,0,3,3,3,3,2,2,2,2,5,5,5,5,6,5,3,6
77,52,1,US,1,6,7,NY,5,6,5,1,6,6,7,7,2,7,2,2,5,1,5,1,2,6,3,97,92,100,0,23,73,90,91,92,97,88,100,7,6,6,6,7,6,7,7,1,1,3,1,1,1,1,1
78,25,1,US,1,6,5,CA,3,3,7,2,4,4,2,5,6,6,2,7,3,3,1,3,3,3,3,40,71,86,98,88,43,65,81,62,69,94,91,6,3,4,5,5,1,4,3,5,4,7,7,4,2,3,3
79,25,1,US,5,6,5,NY,4,2,6,1,4,5,2,3,7,5,5,7,5,7,7,7,6,2,1,81,79,92,87,81,69,79,70,84,84,68,76,3,7,7,4,7,3,3,2,7,3,7,4,6,4,2,2
80,33,1,US,2,6,7,New York,5,5,5,5,5,5,4,5,5,5,5,4,5,2,4,4,5,4,5,71,84,72,81,65,81,71,68,78,88,80,78,1,1,1,1,1,1,1,1,5,6,6,6,6,5,6,6
81,36,0,US,1,2,2,india,4,2,3,3,2,2,2,2,2,2,4,2,2,2,2,2,2,3,2,88,65,75,71,75,73,70,68,66,72,72,69,2,2,4,2,2,2,2,2,6,2,3,2,2,2,2,2
82,36,1,US,2,6,6,New York,6,7,7,7,7,6,4,4,2,7,5,4,7,4,4,7,7,3,6,77,85,67,88,89,51,81,74,79,91,91,93,1,1,1,1,2,1,1,1,7,7,7,7,7,7,7,7
83,25,1,US,1,5,5,Indiana,5,4,5,4,4,5,5,4,4,5,4,4,5,4,3,4,4,4,4,6,73,83,88,86,3,90,86,58,83,100,41,1,1,1,4,4,1,1,5,1,1,4,3,3,5,4,2
84,24,0,US,1,8,6,IN,2,1,5,3,1,3,3,3,5,3,4,5,2,4,5,4,2,1,2,94,86,99,75,82,90,91,95,92,82,84,87,6,6,7,6,7,6,6,7,7,6,7,6,7,7,7,6
85,41,1,US,1,2,4,Michigan,6,6,6,6,6,6,4,5,3,4,1,2,6,2,2,5,5,2,7,50,75,60,0,50,0,50,50,100,70,50,50,1,1,1,1,1,1,1,1,7,7,7,7,7,7,1,7
86,33,1,US,1,6,5,Indiana,6,5,3,5,5,4,4,5,4,5,3,6,5,6,5,5,5,6,4,33,32,63,73,83,31,100,93,60,65,79,35,5,4,5,5,6,6,7,5,5,6,5,5,7,6,6,7
87,24,1,US,1,6,4,California,6,7,7,6,1,3,7,2,1,1,5,3,5,2,2,1,6,1,3,71,66,41,65,76,38,63,39,63,69,36,69,1,7,3,3,7,7,6,4,4,2,2,4,2,6,6,7
88,30,0,US,1,2,2,usa,6,5,4,4,6,5,4,5,6,5,6,5,6,6,5,4,4,5,5,87,83,70,86,89,69,68,79,78,78,79,65,6,6,5,5,5,6,5,4,7,6,5,6,6,4,6,4
89,33,1,US,1,6,5,NY,2,4,6,1,7,5,4,7,4,6,2,4,5,3,6,7,4,6,6,34,22,78,65,71,40,68,18,76,77,76,30,4,4,7,2,1,6,2,3,3,5,5,2,6,4,3,7
90,25,1,US,1,6,5,Georgia,6,7,7,5,7,5,6,6,5,6,5,7,5,7,5,5,6,6,6,58,80,87,77,82,74,92,78,64,85,95,71,6,5,5,6,5,7,6,6,6,5,7,7,5,7,7,6
91,35,1,US,1,4,6,Texas,3,5,2,1,1,2,7,1,4,4,7,7,1,7,4,1,1,7,7,81,86,61,66,29,79,62,59,100,73,71,31,7,4,5,4,4,6,4,4,7,5,5,5,7,2,1,7
92,29,1,US,1,5,4,new york,5,6,5,5,4,5,6,5,5,6,4,4,4,4,6,5,5,5,6,51,53,51,51,51,54,51,52,53,52,51,51,7,4,5,7,6,6,4,4,3,1,3,1,3,5,4,3
93,24,1,US,1,6,6,CA,6,1,3,4,4,3,7,6,2,2,3,6,6,3,2,5,7,3,6,57,58,57,66,58,39,57,58,58,54,40,64,5,7,1,4,7,4,2,4,3,5,5,2,4,4,1,3
94,35,1,US,2,6,4,UT,4,4,6,6,7,6,5,6,3,6,5,5,4,4,6,6,5,5,5,66,78,80,67,71,74,68,68,85,80,73,67,5,5,6,5,6,7,5,4,5,6,6,4,6,4,6,5
95,44,0,US,4,6,4,Florida,7,7,7,7,7,7,7,7,7,7,7,7,7,7,7,7,7,7,7,0,100,100,100,100,100,99,100,100,100,100,100,1,1,1,1,1,1,1,1,7,7,7,7,7,7,7,7
96,47,1,US,7,4,5,FL,4,4,6,5,6,4,6,6,3,5,4,4,2,4,4,2,1,7,6,77,100,91,94,10,100,17,17,86,90,10,72,2,1,1,1,2,2,1,1,4,3,7,1,3,5,1,7
97,30,0,US,1,5,5,INDIANA,7,6,6,6,5,6,7,7,6,6,7,7,7,7,6,6,7,6,5,72,57,82,75,53,93,53,73,66,75,61,85,6,6,7,7,7,7,6,7,7,7,6,7,7,7,6,7
98,34,0,US,3,8,4,Texas,6,5,7,6,5,7,6,7,4,7,4,6,4,4,7,5,5,7,5,78,89,99,79,99,75,91,73,83,59,72,62,3,6,7,4,5,7,4,2,7,4,5,2,5,4,6,7
99,28,1,US,5,6,4,IL,2,3,5,5,6,5,4,4,6,3,6,2,2,1,5,3,4,2,4,50,74,66,37,51,74,94,66,79,35,25,29,3,5,1,6,6,7,2,7,2,2,1,5,4,5,3,7
100,25,1,US,1,6,5,CA,3,1,3,5,1,4,2,4,4,1,3,1,7,4,2,1,7,6,7,87,78,75,39,14,69,42,68,26,92,75,34,7,6,1,1,6,3,7,3,2,2,7,4,4,3,4,6
101,41,0,US,1,4,4,North Carolina,7,7,7,7,7,7,3,2,6,4,3,2,7,2,2,7,7,3,7,0,51,14,100,72,0,100,100,100,100,100,65,7,1,2,1,5,7,7,5,7,4,4,7,3,7,7,2
102,25,0,US,1,8,7,FL,5,5,4,5,5,5,5,4,5,4,5,4,4,5,4,4,4,4,5,15,64,89,76,60,77,81,59,89,84,79,65,4,6,6,5,5,5,5,4,5,4,5,5,4,6,4,4
103,32,0,US,1,5,1,al,1,1,1,1,6,1,1,1,7,1,7,5,1,1,4,1,1,7,4,0,51,51,0,69,100,100,100,51,100,100,100,6,6,6,6,6,6,3,6,2,2,3,3,2,2,3,2
104,55,0,US,1,6,3,Alabama,4,4,5,4,4,5,4,5,4,5,4,6,4,4,5,3,3,5,4,0,71,94,100,9,94,100,99,71,61,100,100,3,3,4,3,3,4,3,3,5,4,5,4,4,5,4,4
105,58,1,US,1,6,3,California,6,6,5,3,6,6,4,6,4,6,1,3,6,1,1,6,6,1,6,100,1,43,1,100,1,8,0,35,27,39,60,1,1,1,1,1,1,1,1,7,7,7,7,7,7,7,7
106,61,1,US,1,6,5,WA,4,7,7,5,7,6,5,5,6,4,4,2,4,4,4,6,4,4,4,100,52,51,51,100,52,50,51,51,51,51,51,1,1,1,1,1,1,1,1,7,7,7,7,7,7,7,7
107,40,0,US,1,5,5,Indiana,4,4,5,5,4,5,6,6,5,5,4,6,4,4,6,5,5,6,5,40,65,83,70,82,59,93,71,71,75,68,83,5,4,6,3,5,5,5,5,4,5,5,6,5,4,6,4
108,30,1,US,1,7,1,YES,2,4,2,5,3,2,2,3,6,2,2,2,3,2,2,3,2,2,3,52,51,51,65,51,51,51,52,51,51,51,51,2,2,2,5,2,2,4,2,3,3,2,3,7,6,6,2
109,30,1,US,1,2,4,Florida,4,6,6,5,7,2,4,1,7,2,6,5,4,4,5,4,4,2,6,100,70,0,0,51,0,10,10,50,50,0,0,1,1,1,1,1,1,1,1,7,7,7,7,7,7,7,7
110,25,1,US,2,6,4,MD,6,5,6,6,6,6,5,5,5,5,5,6,7,5,6,7,7,6,6,67,67,79,100,64,61,87,69,72,61,67,81,7,6,4,7,6,7,7,7,6,7,7,6,6,6,6,7
111,25,0,US,1,8,7,Illinois,5,5,4,5,5,4,5,6,5,5,4,4,4,5,4,5,4,4,5,75,85,88,81,86,80,85,87,84,87,77,82,5,4,3,5,5,6,5,5,4,5,3,4,4,5,5,4
112,25,1,US,5,6,5,CA,4,3,4,4,7,3,6,3,7,1,2,6,2,5,5,5,5,5,1,73,84,73,88,82,86,77,71,100,92,86,79,2,6,3,1,1,5,4,4,1,4,4,3,1,7,6,6
113,72,1,US,1,6,3,mn,3,6,6,4,2,4,4,5,4,5,5,5,4,3,5,4,3,6,6,0,100,100,100,51,100,100,100,100,100,100,100,2,1,7,1,1,2,2,1,6,6,7,4,4,6,3,6
114,24,1,US,1,6,5,California,6,7,2,5,1,6,6,6,2,5,7,1,6,7,3,4,4,1,3,66,41,38,64,32,39,39,64,40,64,68,73,4,5,7,1,6,2,5,5,5,1,7,6,6,5,2,5
115,48,0,US,1,8,6,usa,6,7,6,6,6,6,6,6,6,7,6,6,6,6,7,7,6,6,7,87,72,82,81,88,86,90,81,80,82,85,89,6,7,7,6,6,6,6,6,6,6,7,6,6,7,7,6
116,32,1,US,1,6,5,Indiana,6,6,6,6,6,5,6,6,6,6,6,4,6,6,5,6,6,6,6,26,72,77,81,67,75,70,69,75,80,68,72,6,6,6,7,7,6,7,7,6,7,7,6,6,7,7,7
117,24,0,US,1,10,3,California,3,5,2,6,3,6,7,6,2,7,5,1,6,7,7,5,3,7,7,15,90,82,95,89,10,84,83,72,97,92,17,4,7,7,6,7,6,7,5,7,7,7,7,5,5,5,7
118,33,0,US,1,8,4,South Carolina,6,5,6,6,6,4,5,4,4,5,4,5,6,4,4,6,5,5,6,26,64,69,58,78,29,85,72,48,79,91,64,7,6,6,5,7,5,5,7,5,5,7,5,7,5,7,5
119,66,0,US,1,6,5,INDIANA,6,6,6,6,6,5,5,6,6,6,5,6,5,6,5,5,6,6,6,76,69,80,85,70,79,77,71,86,72,88,84,4,6,5,6,6,5,6,6,5,5,5,5,5,5,6,6
120,40,1,US,1,6,1,California,3,2,2,2,2,2,4,2,2,2,3,2,2,3,2,2,7,2,2,100,100,100,100,100,91,92,90,100,100,100,100,3,3,3,3,4,2,2,3,1,2,3,3,2,7,4,3
121,26,0,US,1,6,5,Colorado,6,6,7,7,5,6,5,5,7,4,4,4,6,6,5,5,6,6,4,27,68,85,83,75,63,75,85,58,80,74,59,4,5,4,5,6,6,6,6,4,5,7,5,6,5,5,6
122,25,0,US,1,8,5,texas,4,4,4,4,4,4,4,4,4,4,4,4,4,4,4,4,4,4,4,60,55,40,47,45,57,39,59,44,57,56,37,4,4,4,5,4,4,4,4,4,4,4,4,4,4,5,4
123,24,1,US,1,6,8,MD,6,7,4,5,7,2,2,2,7,4,7,5,2,7,5,6,6,2,7,100,0,0,0,100,50,0,0,5,0,100,10,1,1,1,1,1,1,1,1,7,7,7,7,7,7,7,7
124,26,1,US,5,6,3,USA,2,7,5,3,4,2,7,1,6,3,6,3,1,6,2,2,6,1,1,63,37,79,32,65,29,32,46,74,51,79,25,1,2,5,6,2,4,4,1,2,3,3,6,7,3,7,5
125,45,0,US,1,4,3,IA,7,7,7,5,7,7,2,5,3,6,1,3,7,1,2,4,4,1,7,100,0,85,0,100,41,27,0,57,25,0,50,1,1,1,1,1,1,1,1,7,7,7,7,7,7,7,7
126,44,1,US,1,6,6,Pennsylvania,4,4,6,5,5,6,5,5,5,4,5,5,6,5,5,5,5,6,5,41,82,100,77,81,24,82,78,74,84,84,33,6,6,5,6,4,6,3,6,7,7,5,5,7,3,6,6
127,29,1,US,1,5,4,new york,5,5,4,5,4,5,5,5,5,4,5,4,5,5,4,5,5,4,4,51,51,51,51,51,51,52,51,51,51,51,51,5,6,6,5,6,6,6,6,6,5,5,6,6,6,6,6
128,30,0,US,1,4,4,INDIANA,6,5,4,7,4,5,4,5,7,7,6,4,6,6,6,5,5,6,7,80,86,65,91,97,55,55,78,75,72,55,71,6,5,5,4,6,4,5,5,5,6,5,6,7,5,5,4
129,36,1,US,1,6,5,California,5,7,3,6,7,6,5,2,6,6,6,7,5,7,5,7,7,7,7,32,28,73,94,78,35,95,86,92,83,87,87,4,3,3,6,4,2,6,7,4,5,1,6,4,1,4,1
130,25,1,US,1,6,6,CA,6,2,5,4,5,6,4,7,4,3,7,2,3,3,5,5,2,1,1,62,69,62,61,60,59,63,61,59,59,70,64,4,3,6,2,6,5,6,4,3,5,6,7,7,3,4,7
131,28,1,US,1,6,5,North Carolina,2,3,7,1,7,4,5,6,3,3,5,7,2,6,5,1,1,5,7,75,100,75,5,30,100,100,90,100,100,100,100,1,1,1,1,1,1,1,1,6,4,5,7,5,6,4,7
132,47,1,US,1,10,7,District of Columbia,5,6,5,4,7,5,4,7,6,5,2,2,4,3,1,1,3,5,5,35,31,62,60,41,13,55,51,71,44,61,72,5,3,5,6,5,5,5,4,4,5,5,5,5,4,2,4
133,41,0,US,1,5,3,Arizona,6,6,5,5,6,5,4,4,6,5,2,4,6,4,2,5,4,2,6,100,50,40,0,100,0,40,0,50,50,40,0,1,1,1,1,1,1,1,1,7,7,7,7,7,7,7,7
134,37,0,US,1,7,7,Tennessee,7,6,5,6,7,5,5,6,4,5,3,2,6,3,5,6,5,2,6,79,12,68,8,77,15,67,20,85,35,85,24,1,2,1,2,2,1,1,2,6,7,7,6,6,6,6,7
135,26,0,US,1,8,6,California,4,4,4,4,4,5,4,4,4,5,4,4,4,4,4,4,4,4,4,73,84,70,94,85,86,79,94,81,81,67,89,4,4,4,4,3,4,4,3,5,3,3,4,4,4,4,4
136,33,1,US,1,6,5,Indiana,6,6,7,7,6,7,4,5,5,4,4,6,5,4,4,5,5,5,5,19,72,84,77,89,34,100,85,54,80,83,61,4,4,5,5,4,7,4,6,6,5,5,5,7,7,5,5
137,55,0,US,1,4,5,Georgia,6,6,6,5,6,1,1,2,6,5,3,3,6,2,2,3,3,3,7,94,23,57,56,95,2,6,5,57,60,95,51,1,1,1,1,1,1,1,1,7,7,7,7,7,7,7,7
138,26,1,US,1,8,5,California,7,5,7,6,7,6,6,5,6,6,6,6,5,5,6,7,7,7,5,26,65,100,87,100,65,100,100,58,89,100,60,6,6,6,5,7,7,7,6,6,6,5,6,7,5,5,7
139,42,1,US,2,5,7,IL,5,5,5,4,6,7,5,6,6,5,6,6,5,5,5,5,4,6,5,72,84,77,69,70,74,75,83,73,84,70,74,5,5,5,6,6,5,5,6,5,4,5,4,6,5,5,4
140,39,0,US,2,6,7,NC,7,7,5,6,7,7,7,6,5,5,7,6,5,6,6,7,5,6,6,83,91,84,86,88,84,92,80,84,89,93,96,4,7,6,5,5,6,5,6,7,5,7,6,6,7,5,6
141,30,0,US,1,5,2,California,5,5,6,6,6,5,5,5,6,5,4,6,6,6,5,5,6,6,6,73,73,76,65,81,83,67,82,69,66,82,70,5,6,4,4,5,4,5,6,5,5,6,6,6,5,5,4
142,25,0,US,1,8,6,Indiana,5,4,4,5,4,5,5,5,4,4,4,5,5,5,4,4,5,4,5,62,72,67,62,86,69,87,71,73,84,85,66,5,4,4,4,5,4,4,4,4,5,5,5,5,4,4,4
143,42,0,US,1,6,5,Mississippi,6,7,6,5,6,4,3,5,5,2,3,3,5,3,3,5,5,2,6,70,30,55,60,80,20,10,30,75,76,50,60,1,1,1,1,1,1,1,1,7,7,7,7,7,7,6,7
144,25,1,US,1,6,5,CA,5,5,3,5,6,4,6,6,4,4,2,5,2,4,3,7,6,3,3,36,34,75,38,34,79,70,75,92,70,85,39,7,4,2,4,5,5,3,6,5,3,6,3,1,3,5,4
145,41,1,US,5,6,4,MD,6,6,6,5,4,5,7,6,7,3,6,5,5,7,3,5,7,6,6,28,65,70,61,71,3,88,89,24,30,86,45,2,5,3,6,5,5,3,2,2,6,3,2,6,1,7,7
146,25,0,US,1,8,6,IN,5,5,4,5,6,4,5,5,6,5,5,6,5,4,4,6,5,4,4,66,83,86,81,79,68,79,85,81,83,81,91,4,4,6,6,5,5,4,5,4,4,4,6,4,5,5,4
147,30,1,US,1,8,1,yes,2,2,6,6,3,2,2,2,2,2,2,5,2,3,2,2,2,2,2,51,51,51,52,51,51,51,75,51,51,52,51,3,2,2,2,2,2,2,2,3,2,2,3,2,2,2,7
148,32,0,US,2,6,8,MN,6,6,6,7,6,6,5,5,2,5,2,3,6,6,3,7,6,3,7,17,74,87,100,92,11,92,99,70,98,100,100,2,2,2,2,3,2,1,2,6,7,6,7,6,7,6,6
149,25,1,US,5,6,6,NY,4,1,1,7,2,3,4,5,6,2,1,4,6,4,1,4,1,6,6,29,38,71,78,59,22,39,64,36,75,39,72,6,3,6,7,5,7,6,4,3,6,6,2,2,3,2,3
150,29,1,US,1,5,3,indiana,4,4,5,3,7,5,4,6,4,4,5,5,6,5,5,3,4,3,5,76,82,26,34,95,91,79,80,78,74,92,30,4,4,5,6,5,5,6,5,3,5,3,6,3,4,3,4
151,25,1,US,5,6,5,CA,7,1,5,5,3,3,7,3,1,6,6,2,5,6,5,2,7,4,6,72,91,84,79,81,79,71,64,100,90,76,76,4,6,1,6,4,3,2,3,7,4,1,6,4,5,5,6
152,32,1,US,1,6,5,Indiana,6,6,6,5,5,6,6,6,6,5,6,6,6,6,6,6,6,6,6,78,80,79,81,84,83,85,76,75,82,81,78,6,7,6,6,7,6,6,6,6,6,6,6,6,7,7,6
153,34,1,US,1,6,5,CA,7,3,5,7,6,4,1,7,3,4,1,4,4,7,3,7,5,6,2,36,84,69,65,40,31,62,18,77,21,72,25,4,2,3,6,3,5,1,3,7,1,7,2,4,3,7,2
154,51,1,US,1,5,1,ALABAMA,7,6,6,7,5,6,5,5,6,7,6,6,6,5,5,5,6,4,5,83,74,88,93,78,74,80,82,88,77,84,76,6,5,6,7,5,7,6,5,7,6,6,5,6,5,5,6
155,41,1,US,1,8,5,Ohio,7,7,7,6,7,7,7,5,7,5,7,7,4,5,6,4,7,5,7,27,61,90,91,100,70,94,100,70,100,89,61,7,3,3,4,7,7,5,4,7,7,7,7,7,7,5,5
156,47,0,US,1,8,5,Nevada,3,3,3,2,5,2,3,3,6,3,6,7,3,7,7,1,1,7,4,90,60,70,95,95,90,70,80,90,77,60,56,5,3,3,3,1,2,2,3,5,2,6,5,7,7,6,6
157,36,1,US,2,6,7,TX,3,3,3,3,3,5,2,3,3,5,5,5,3,2,6,2,2,5,5,87,61,63,93,37,82,74,56,68,78,58,28,5,4,5,2,5,6,6,5,3,3,4,3,2,3,3,3
158,29,1,US,1,6,4,new york,6,6,4,2,1,4,6,1,2,6,1,2,1,3,7,1,4,2,2,51,51,51,51,51,51,51,51,51,52,51,51,5,2,4,4,5,1,3,4,3,5,2,4,2,6,6,6
159,35,0,US,1,5,6,colorado,5,4,6,5,4,5,5,5,6,6,5,4,5,5,5,4,6,6,4,93,64,60,72,84,86,92,90,83,78,100,82,4,5,2,2,3,3,3,3,2,4,3,4,2,3,2,3
160,26,1,US,1,6,6,CA,5,5,7,1,4,7,5,1,3,7,2,1,2,2,3,5,7,3,1,62,58,61,59,57,58,46,57,43,60,39,61,3,6,4,7,4,2,1,5,5,4,5,4,4,5,5,7
161,24,1,US,1,6,5,UNITED STATES,2,3,7,6,6,4,7,6,5,1,7,6,3,4,2,5,6,2,4,43,39,67,38,44,66,69,64,67,67,31,31,5,5,7,1,1,6,4,4,3,6,2,1,4,4,2,7
162,25,1,US,1,6,6,NY,4,7,2,3,1,7,3,2,2,4,4,4,5,3,3,2,1,3,6,57,66,68,68,55,60,52,58,67,59,59,58,3,2,4,5,4,4,6,7,2,5,5,2,2,5,5,5
163,30,1,US,1,5,6,INDIANA,7,7,6,7,7,7,6,6,6,6,7,7,6,7,6,7,6,6,6,67,68,76,79,77,81,72,67,65,76,65,76,6,6,6,6,6,6,7,7,5,7,7,7,6,6,5,7
164,34,1,US,5,6,2,NC,6,7,4,4,3,2,4,5,1,5,4,5,3,4,7,2,5,1,1,34,66,33,23,68,18,28,67,22,74,75,43,1,7,3,2,1,1,2,3,4,6,2,7,4,4,6,3
165,25,1,US,5,6,6,NY,7,1,7,3,7,2,2,2,3,6,2,7,7,1,7,5,5,1,3,42,60,36,67,76,28,71,59,36,39,60,60,6,1,6,6,3,5,4,2,6,6,4,5,7,6,7,5
166,25,0,US,1,8,6,Florida,5,5,6,6,4,6,5,5,5,6,5,5,5,6,5,5,5,5,5,77,89,94,95,94,88,87,92,95,97,94,95,6,6,5,7,7,6,7,6,5,6,6,7,6,6,6,6
167,454,0,US,1,4,7,New Mexico,5,5,4,4,4,4,5,4,2,6,2,4,5,3,3,4,4,4,4,24,90,100,93,36,82,98,84,41,94,94,96,4,4,4,4,4,4,4,4,4,3,4,4,4,4,3,4
168,24,1,US,1,6,5,califronia,2,2,7,1,3,4,2,7,5,4,7,7,5,1,5,3,1,3,4,39,71,40,64,33,68,37,38,36,76,73,68,7,4,7,4,3,4,4,5,4,2,7,4,5,4,1,4
169,25,1,US,1,6,5,CA,4,5,1,6,5,2,1,1,5,5,6,6,4,4,1,5,7,6,5,84,74,70,33,64,56,65,36,100,40,88,90,5,2,7,4,6,7,5,3,7,6,7,2,4,7,3,1
170,40,1,US,1,6,1,California,2,2,2,2,2,2,2,6,2,2,2,2,2,2,2,2,2,2,2,97,100,88,98,100,89,89,100,100,100,100,87,2,2,2,2,2,2,2,3,2,2,2,2,3,2,2,3
171,60,0,US,1,2,3,TN,6,6,6,5,7,5,3,6,5,6,5,5,5,3,5,4,4,4,5,30,70,80,80,70,80,70,60,80,80,80,80,1,1,1,1,1,1,1,1,7,6,6,6,6,7,5,6
172,60,0,US,1,2,3,South Carolina,5,7,7,5,7,7,7,6,7,7,4,5,3,1,4,3,3,5,3,100,11,100,100,100,100,0,100,64,93,100,100,1,1,1,1,1,1,1,1,7,7,7,7,7,7,7,1
173,33,0,US,1,6,4,VA,5,4,4,5,5,5,5,4,5,6,5,4,5,5,4,5,4,6,4,25,86,68,58,83,51,66,75,39,51,57,73,5,4,5,5,5,5,6,6,6,5,4,5,5,5,4,6
174,25,1,US,5,6,6,NY,1,5,7,7,3,1,3,6,5,3,7,3,4,3,3,3,6,1,5,30,60,32,39,62,64,61,64,73,42,34,60,2,2,2,3,4,7,6,5,7,7,4,6,6,5,6,5
175,76,1,US,1,4,7,Massachusetts,3,5,4,4,5,4,4,4,3,5,3,4,5,3,5,4,3,4,4,19,82,93,51,51,51,93,81,83,71,92,82,4,4,4,3,4,4,4,4,1,1,5,4,3,4,1,4
176,42,1,US,2,6,6,AL,5,5,6,7,7,5,6,6,6,6,6,5,6,6,6,6,5,6,7,87,86,80,79,82,84,87,90,88,87,78,88,6,6,5,5,6,6,6,5,5,6,6,6,6,7,5,6
177,29,0,US,1,2,1,Indiana,4,6,6,5,5,5,6,5,6,6,6,5,6,4,5,5,5,4,5,82,72,74,89,80,84,71,83,81,88,73,62,7,6,6,6,4,5,5,5,6,5,6,6,6,6,7,5
178,28,1,US,1,2,4,united state,5,4,4,4,5,4,4,4,3,4,5,4,4,5,4,4,4,3,5,80,75,71,81,65,76,80,83,81,82,84,71,5,4,4,5,5,5,4,5,5,5,4,4,5,5,3,5
179,25,1,US,5,6,5,FL,1,1,4,2,4,6,4,6,1,4,7,6,4,5,6,1,7,3,1,71,92,81,88,73,70,83,76,95,84,80,86,3,7,4,3,5,5,3,2,1,1,3,1,1,1,6,5
180,25,0,US,1,8,6,New York,5,6,5,6,6,6,5,5,6,6,5,5,6,5,5,5,6,5,6,62,59,59,60,55,72,82,61,58,54,69,65,6,6,5,6,5,6,5,5,5,5,5,6,6,5,6,6
181,25,0,US,1,8,6,Nevada,5,5,5,5,6,5,5,5,5,6,4,5,6,6,5,5,6,6,5,75,74,64,71,71,81,81,73,81,66,81,74,5,5,6,6,5,6,5,6,6,5,5,6,6,6,5,5
182,25,1,US,1,5,4,OH,3,7,7,4,6,3,3,4,4,2,7,4,6,6,2,2,6,3,3,27,27,31,30,62,70,75,74,91,75,30,51,1,3,7,2,7,5,5,5,6,7,2,3,6,2,4,4
183,45,1,US,5,6,4,Colorado,5,5,4,6,4,4,5,5,5,5,6,6,6,6,4,4,5,5,5,69,70,74,65,67,69,70,65,62,80,62,63,5,4,5,5,5,5,6,5,6,6,5,5,5,6,5,6
184,43,1,US,1,6,5,Indiana,5,4,6,4,5,4,5,6,4,5,5,5,5,6,5,5,5,6,6,31,90,80,71,86,70,82,82,78,81,89,73,6,5,3,4,3,6,4,5,5,3,5,5,4,5,6,5
185,46,0,US,1,6,5,Ohio,4,7,5,5,7,4,3,4,6,5,4,3,4,3,2,4,4,3,6,85,41,55,15,60,45,50,8,60,46,50,50,1,1,1,1,1,1,1,1,7,7,7,7,7,7,6,7
186,25,1,US,1,6,6,CA,5,7,6,3,4,1,2,2,4,6,4,3,4,6,4,4,5,5,2,63,62,56,64,59,63,58,64,64,59,62,60,2,7,2,1,3,5,4,5,3,4,4,5,1,6,6,5
187,41,1,US,1,4,2,Michigan,7,6,7,6,7,5,6,1,5,6,2,1,6,1,1,3,5,3,6,30,70,80,40,51,30,51,70,90,90,60,51,1,1,2,1,2,1,1,2,7,6,7,6,5,6,7,6
188,29,1,US,1,6,4,new york,4,3,4,4,3,4,6,3,4,5,5,7,7,7,7,5,3,5,3,51,51,51,51,52,51,51,51,51,52,51,51,6,6,6,6,6,5,4,5,6,5,6,7,6,5,7,6
189,30,1,US,1,6,1,Hawaii,2,2,2,2,3,6,6,2,2,2,2,2,2,2,6,2,7,2,2,96,52,51,51,51,51,51,51,51,51,51,51,3,2,2,2,7,2,2,2,2,2,5,2,2,2,2,3
190,37,1,US,3,5,6,New Jersey,3,4,4,3,4,6,5,6,2,6,3,7,4,4,5,3,2,6,3,14,71,75,9,21,75,38,66,51,87,63,78,4,5,2,4,4,2,2,1,5,4,5,4,3,4,4,4
191,25,1,US,5,6,6,NY,4,3,1,5,6,3,4,3,7,4,1,3,5,2,6,7,7,6,4,35,33,72,43,73,69,63,62,66,66,66,65,4,5,3,3,5,5,2,7,6,5,5,2,3,3,2,5
192,24,1,US,1,2,3,ohio,6,4,5,3,6,6,5,4,5,6,5,3,5,5,5,3,6,3,6,86,38,69,74,67,62,78,79,73,58,60,40,4,4,3,4,6,5,6,5,4,5,6,5,5,3,3,6
193,30,1,US,1,6,5,Indiana,7,7,7,7,6,7,6,7,6,7,7,7,7,7,7,7,6,6,7,51,52,52,51,51,51,51,56,53,52,51,52,7,7,6,6,7,7,7,6,7,7,7,7,6,7,7,7
194,36,1,US,1,6,2,INDIANAPOLIS,6,5,5,5,6,7,5,6,5,6,4,6,6,6,4,5,6,6,4,66,68,82,87,79,64,47,73,86,72,78,69,5,4,5,4,2,4,3,3,5,3,6,3,4,4,5,4
195,38,1,US,1,2,7,New York,6,6,5,5,6,3,3,3,7,3,5,3,4,6,4,6,5,3,6,50,44,28,29,67,50,50,28,59,24,32,34,1,1,1,1,1,1,1,1,7,5,7,6,7,7,6,7
196,30,0,US,1,4,4,indiana,5,5,6,6,6,6,6,6,5,6,6,6,5,6,6,6,5,5,4,78,78,69,74,71,75,73,81,71,73,84,74,6,5,5,5,6,6,5,6,3,6,4,5,5,5,5,5
197,40,0,US,1,6,5,OH,6,6,6,5,6,5,4,5,6,5,6,6,6,6,5,6,6,5,6,41,72,78,57,56,57,74,70,48,74,46,59,5,5,5,6,6,5,6,6,6,6,6,5,6,5,6,5
198,40,1,US,1,6,1,California,3,3,2,4,3,3,3,3,4,4,5,2,3,3,3,2,3,3,3,68,95,99,90,88,84,100,96,92,87,96,100,2,2,2,2,3,2,2,2,3,2,2,2,2,2,5,2
199,50,0,US,1,1,6,fl,5,5,6,5,6,6,5,4,4,5,2,5,6,5,5,5,5,2,5,5,88,79,83,82,95,40,95,83,52,94,100,1,1,1,1,1,1,1,1,7,7,7,7,7,7,7,7
200,24,1,US,1,6,5,California,6,6,2,1,3,7,3,6,5,4,6,3,7,4,1,6,4,7,3,68,39,62,39,32,64,68,69,66,74,65,41,6,4,7,6,7,4,7,2,5,7,7,3,4,6,5,5
201,25,1,US,5,5,6,NY,7,3,2,5,3,2,5,5,4,7,7,6,1,6,2,7,4,1,4,65,55,63,77,59,42,34,39,65,58,68,47,3,6,6,4,3,3,5,6,5,6,4,4,5,6,2,5
202,29,1,US,1,6,4,new york,4,7,5,2,4,4,4,4,7,6,1,6,6,6,3,5,6,6,6,52,55,52,51,52,53,52,53,52,52,52,52,1,1,1,6,7,4,7,2,5,4,6,6,7,1,2,5
203,23,1,US,1,6,8,Florida,5,7,5,6,7,5,5,2,6,4,3,2,5,5,1,5,6,2,6,85,0,14,67,78,40,0,12,92,40,15,20,1,2,3,2,1,2,1,1,6,6,6,6,6,6,3,5
204,32,1,US,5,7,3,CA,7,5,5,1,6,5,5,7,7,7,4,7,1,3,3,2,1,5,3,44,7,29,75,86,51,48,69,32,64,62,39,1,1,2,6,3,1,3,1,1,6,5,3,1,4,4,4
205,50,0,US,1,6,4,SC,6,6,6,6,6,6,6,6,6,6,6,6,6,6,6,6,6,6,6,27,83,61,36,72,88,62,87,64,75,84,90,6,6,6,5,6,5,6,5,6,6,5,5,5,6,5,5
206,35,0,US,1,8,4,Michigan,6,7,7,6,6,6,7,6,6,5,5,5,7,6,5,5,7,6,7,79,82,74,92,81,86,72,82,89,73,80,87,6,5,7,6,7,6,6,6,7,5,7,7,6,5,5,5
207,24,1,US,1,6,7,OR,5,7,6,6,6,7,6,6,5,7,5,7,5,5,6,7,6,6,6,84,90,84,75,80,83,86,82,75,81,81,83,6,5,6,5,7,6,7,6,7,6,5,5,6,7,6,6
208,25,1,US,1,6,6,NY,2,2,4,6,4,7,4,6,1,1,2,1,2,2,4,6,2,3,2,56,58,59,44,57,66,39,59,63,61,56,63,3,2,7,3,2,1,3,3,2,6,1,6,1,1,1,4
209,29,1,US,2,6,5,Washington,6,6,5,6,7,5,4,5,2,6,2,2,6,4,3,6,6,6,6,0,50,93,99,97,0,68,91,87,89,100,100,1,6,2,2,2,1,1,6,7,7,7,6,7,6,7,6
210,30,1,US,1,5,7,indiana,7,6,6,7,7,6,6,6,7,6,7,6,6,6,6,7,6,5,4,78,87,69,70,71,79,69,75,69,65,76,79,6,7,7,5,6,7,6,6,4,5,7,6,5,7,5,6
211,30,0,US,1,2,2,Indiana,5,6,5,6,6,4,6,5,6,5,6,6,5,5,5,6,5,6,5,86,70,85,79,66,82,90,80,78,86,73,75,5,5,6,5,5,6,6,5,5,6,5,6,5,6,6,6
212,22,0,US,5,6,5,Washington,7,6,7,6,6,6,5,6,2,7,7,6,6,5,7,6,6,6,7,31,87,88,83,89,40,84,84,94,97,86,82,7,6,6,7,7,6,6,6,7,6,7,6,7,7,7,6
213,43,0,US,5,8,6,Maryland,5,5,3,3,6,7,5,3,3,5,2,5,3,6,5,6,5,6,5,31,36,68,36,92,0,65,35,35,25,77,97,5,4,5,2,5,3,5,2,1,2,2,6,6,2,3,3
214,49,1,US,1,2,3,PA,7,7,6,7,6,5,5,7,7,5,3,3,4,4,3,5,4,4,6,70,51,42,10,52,39,51,40,53,20,49,36,1,2,1,1,1,1,1,1,7,7,7,7,7,6,7,6
215,25,1,US,1,6,1,al,5,5,5,3,5,5,4,5,4,3,4,6,5,6,5,4,5,4,4,51,51,51,51,71,97,100,100,51,100,99,99,6,6,5,4,4,5,6,5,5,4,5,4,6,5,6,5
216,24,1,US,1,6,4,California,2,3,1,5,5,4,1,1,6,2,1,5,3,5,5,1,2,6,6,66,40,62,57,65,64,70,42,65,42,62,59,5,4,7,7,4,7,7,6,2,6,7,6,4,1,7,3
217,25,0,US,1,8,6,Texas,5,4,4,5,5,5,6,6,5,4,6,5,5,5,5,5,5,6,6,73,76,81,74,70,73,76,72,73,74,78,77,5,5,5,5,6,6,6,5,6,6,5,5,6,5,6,6
218,31,1,US,1,6,6,Texas,5,6,5,5,6,4,5,3,6,6,2,3,6,4,4,5,5,3,6,3,51,78,79,94,64,90,87,51,88,87,97,2,2,4,4,3,2,2,2,7,7,7,6,6,7,5,7
219,50,1,US,1,6,4,newyork,5,5,5,5,5,6,4,5,6,5,6,4,6,4,5,4,5,4,4,32,65,75,57,78,79,39,80,63,67,69,69,5,6,5,7,6,5,5,6,5,5,6,6,5,5,5,6
220,57,0,US,3,6,3,CA,7,6,6,6,5,6,5,7,5,5,6,7,5,6,7,5,6,7,6,96,86,97,93,95,93,90,93,89,94,98,93,7,6,5,6,5,6,6,7,6,7,6,6,7,7,6,6
221,31,0,US,1,6,5,Florida,6,5,6,6,7,7,6,3,3,4,6,4,5,5,6,5,6,4,5,57,70,92,93,90,78,92,81,94,78,87,63,5,5,6,6,6,6,6,6,5,5,5,6,7,6,6,4
222,31,1,US,5,6,5,NY,6,4,2,5,4,2,2,5,3,6,3,1,3,7,3,3,5,3,2,77,80,71,93,98,90,100,66,78,62,88,65,1,7,1,7,6,6,3,3,7,7,4,3,6,3,4,6
223,32,0,US,1,1,6,North Dakota,7,7,7,7,7,1,1,1,1,1,1,1,7,1,7,5,7,7,7,100,0,80,100,100,0,100,100,75,75,100,100,1,1,1,1,1,1,1,1,7,7,7,7,7,7,7,7
224,40,1,US,1,6,2,California,3,3,3,3,2,3,3,3,3,3,3,3,6,3,3,3,3,2,3,96,64,100,94,100,100,93,85,82,93,92,100,2,2,2,2,2,2,7,3,2,2,2,2,2,2,2,2
225,28,1,US,4,5,5,India,6,6,7,7,6,6,6,6,7,6,6,6,6,7,6,6,7,7,7,73,55,59,61,90,91,79,69,60,100,87,78,6,6,6,7,7,6,7,6,7,7,7,6,5,6,6,7
226,59,0,US,1,6,1,Georgia,6,7,7,7,7,4,5,2,6,6,2,2,5,2,1,5,5,2,7,65,0,40,35,100,0,50,50,85,10,50,0,1,1,1,1,1,1,1,1,7,7,7,7,7,7,7,7
227,32,0,US,1,6,7,Texas,6,6,4,7,7,6,5,5,3,6,6,5,7,3,6,5,5,7,6,20,74,100,100,89,12,95,77,83,100,100,100,6,6,7,4,6,5,5,6,5,4,6,7,5,4,7,5
228,41,0,US,1,6,5,Indiana,5,5,7,6,6,6,6,6,5,5,6,5,6,5,5,6,5,6,6,74,76,85,49,83,82,62,92,85,88,94,85,5,5,6,6,5,4,6,6,5,5,5,5,6,5,5,6
229,53,0,US,1,4,5,Arkansas,6,6,6,7,6,5,4,6,5,6,2,2,6,2,2,5,5,3,6,90,0,95,0,98,20,75,51,50,75,95,80,1,1,1,1,1,1,1,1,7,7,7,7,7,7,7,7
230,26,1,US,5,6,4,CA,7,1,5,5,6,7,2,5,4,3,4,2,7,2,3,3,7,3,5,75,40,26,39,51,51,39,74,70,29,36,100,3,2,6,1,2,7,2,4,3,2,7,6,2,4,1,4
231,25,1,US,1,6,6,CA,7,5,5,6,2,2,1,4,5,6,5,3,4,7,5,2,3,7,1,55,60,54,55,45,56,55,55,53,57,48,54,7,1,6,7,3,6,2,2,4,6,2,7,5,7,7,6
232,34,1,US,1,5,5,CA,6,1,3,2,2,4,2,1,7,3,2,7,2,5,2,2,7,4,6,57,32,60,19,51,15,72,32,46,82,69,81,2,4,5,7,4,2,2,3,5,7,3,3,2,5,1,3
233,38,1,US,1,6,4,Ohio,5,5,5,3,4,3,2,3,6,2,6,6,1,6,6,5,5,2,5,91,6,21,0,98,3,50,0,22,50,51,13,1,1,1,1,1,1,1,1,7,7,7,7,7,7,7,7
234,28,1,US,4,5,6,India,5,6,5,6,5,5,6,6,6,6,6,6,5,6,5,5,5,5,6,93,87,91,90,89,91,90,89,87,87,91,90,7,7,7,6,6,6,7,6,7,5,6,7,6,5,6,6
235,35,0,US,1,7,5,Mexico,7,7,6,6,6,7,5,6,6,6,6,7,6,5,6,6,6,6,7,0,81,92,71,85,1,74,84,73,100,85,85,5,6,5,6,6,6,4,7,6,6,7,7,7,6,6,6
236,32,1,US,1,6,5,INDIANA,7,7,7,7,7,7,6,7,7,6,7,7,7,7,7,7,7,6,7,52,51,51,51,52,51,51,52,51,54,51,51,7,7,6,7,7,7,7,6,7,7,6,7,6,7,7,6
237,48,1,US,1,6,5,TX,5,6,6,5,5,6,5,5,5,5,5,6,6,6,6,5,5,6,5,81,83,98,90,85,89,89,91,79,83,80,87,6,6,5,6,6,6,5,6,5,6,6,6,5,5,5,5
238,24,1,US,1,6,5,California,3,4,2,5,2,5,3,1,7,7,1,4,5,1,6,3,5,4,6,37,67,37,36,74,61,63,63,64,76,68,70,5,4,5,1,3,4,6,3,6,6,5,3,5,4,6,2
239,38,1,US,1,6,4,Massachusetts,2,5,6,5,5,4,6,5,6,5,5,6,2,7,5,6,4,7,7,0,100,64,78,24,100,100,100,82,74,82,65,1,3,1,2,1,1,1,1,7,7,7,7,7,7,7,7
240,35,0,US,1,2,1,in,7,2,2,3,6,5,5,4,2,3,2,4,5,7,6,5,3,7,3,53,51,52,51,52,53,52,52,51,52,52,53,2,3,3,3,4,3,3,3,3,3,3,3,3,3,3,6
241,29,1,US,1,6,4,new york,7,4,5,5,2,5,5,1,4,1,1,3,4,5,5,1,1,2,1,51,51,51,52,51,51,51,51,51,52,51,53,6,7,5,3,5,4,6,7,5,3,2,4,3,3,6,3
242,37,1,US,1,8,5,NJ,5,7,6,6,5,5,3,6,4,6,5,3,3,3,2,5,7,2,5,78,43,56,35,67,40,4,34,46,47,60,36,2,2,6,5,3,6,3,6,6,6,7,5,7,6,5,5
243,37,0,US,1,6,4,TN,6,6,7,7,6,5,6,6,6,5,6,5,5,7,6,5,7,5,6,23,83,100,95,76,39,100,100,82,77,88,100,6,5,5,5,5,5,5,6,6,4,5,7,6,5,6,4
244,29,1,US,1,6,4,new york,7,5,4,4,3,7,7,2,3,2,5,1,1,1,7,2,2,6,3,51,50,51,52,60,52,51,51,51,51,51,51,2,2,7,2,6,6,6,5,3,4,3,1,2,2,7,3
245,43,0,US,1,6,5,INDIANAPOLIS,7,6,6,2,6,5,2,6,1,5,5,2,6,2,6,5,7,7,7,37,65,77,81,91,60,17,33,29,84,69,90,6,6,2,6,6,3,2,6,6,7,2,6,6,7,6,6
246,25,1,US,1,6,5,Indiana,5,3,3,3,2,4,3,4,3,6,4,4,4,3,4,4,4,4,4,13,55,55,52,59,44,52,57,54,68,76,59,3,4,4,4,3,4,3,4,3,4,4,4,4,5,4,4
247,27,1,US,1,6,3,Texas,6,6,6,6,7,6,5,4,4,6,6,6,7,6,6,5,5,6,6,16,92,51,100,96,33,67,12,69,96,93,95,4,6,7,6,7,5,7,7,7,7,7,6,7,7,7,7
248,31,1,US,1,6,5,NY,7,4,6,7,6,6,2,5,2,3,3,1,7,3,6,4,3,1,7,70,76,65,64,72,73,88,62,76,77,85,85,2,7,7,1,1,2,4,7,4,6,5,6,2,7,7,4
249,26,1,US,2,6,5,Pennsylvania,3,6,6,3,7,5,2,4,7,4,5,5,4,6,5,3,3,5,4,90,75,25,50,85,10,45,30,40,40,60,20,2,1,1,1,1,1,1,1,7,7,7,7,7,7,7,7
250,25,0,US,1,6,5,Indiana,4,4,4,5,4,4,4,3,4,4,3,4,4,4,4,4,4,4,4,22,50,50,50,50,24,50,50,50,50,50,50,4,4,4,4,5,4,3,5,4,4,4,4,4,4,4,3
251,30,1,US,2,6,4,New Jersey,5,6,5,4,6,5,4,4,5,5,4,5,5,3,4,3,4,5,6,80,70,50,70,100,20,50,70,100,100,100,100,1,1,2,2,2,1,1,2,7,7,6,7,7,7,6,4
252,44,0,US,1,6,4,TN,5,5,5,5,6,5,5,6,6,6,6,5,5,6,6,5,5,6,5,49,55,54,56,54,56,55,53,55,54,55,54,3,6,5,5,7,7,5,7,5,7,6,6,7,4,6,7
253,33,0,US,3,5,6,CA,5,7,6,7,5,7,6,6,7,6,6,6,7,5,6,7,7,6,7,24,40,92,67,86,40,79,80,37,68,75,62,6,5,7,6,7,6,6,7,5,5,6,5,6,6,7,6
254,38,0,US,1,6,5,New Mexico,6,6,5,5,7,4,6,5,7,5,4,3,4,5,3,4,3,3,5,100,30,75,30,92,0,50,50,81,93,50,75,1,1,1,1,1,2,1,1,7,2,7,6,6,7,6,7
255,42,0,US,2,6,6,FL,6,5,4,5,6,5,5,6,5,4,5,5,6,5,5,5,6,4,5,84,70,77,76,79,83,75,75,65,69,89,70,5,6,6,4,6,4,6,4,5,6,5,5,5,5,6,4
256,26,1,US,5,6,5,CA,7,6,3,4,5,4,7,6,3,6,2,1,5,3,2,6,3,6,2,33,51,18,63,89,51,70,51,28,76,36,33,3,1,7,4,7,6,6,5,3,4,1,5,4,4,7,6
257,35,0,US,1,8,3,NC,3,4,4,5,3,5,4,5,5,4,4,5,5,4,3,4,5,5,5,56,59,57,59,60,58,55,56,56,56,58,55,6,5,4,5,4,4,4,3,5,5,5,3,5,6,4,4
258,30,0,US,1,5,7,indiana,5,5,7,4,5,6,5,5,5,5,6,6,5,5,5,5,5,6,5,58,57,56,55,54,58,58,54,55,58,56,55,4,5,7,3,5,4,4,7,7,6,6,6,5,4,3,6
259,44,1,US,5,6,4,North Carolina,5,5,4,5,5,5,6,4,4,6,5,6,5,6,5,6,6,1,5,52,55,58,53,61,63,58,62,57,54,64,56,4,5,5,5,4,4,5,5,4,5,4,5,7,5,5,4
260,62,0,US,1,6,4,USA,3,5,3,7,5,4,4,3,3,5,5,4,5,4,5,6,5,6,3,69,78,71,79,79,67,67,73,75,66,69,72,6,5,4,3,5,5,5,5,3,4,6,4,6,5,4,4
261,49,0,US,1,2,5,CA,4,5,6,6,4,5,4,6,4,7,2,7,5,4,6,1,4,6,5,17,100,100,67,72,100,100,100,86,100,100,100,1,1,4,1,1,4,1,1,7,4,7,4,1,1,1,7
262,27,1,US,1,6,4,oklahoma,2,6,5,2,4,3,5,3,2,5,5,2,2,4,3,2,5,4,5,42,67,57,64,62,82,84,69,60,93,85,47,3,2,2,5,3,5,4,6,4,4,5,6,4,4,2,3
263,25,0,US,1,6,4,Indiana,5,4,4,4,4,5,4,5,4,5,4,4,4,3,6,5,5,5,5,88,91,91,77,90,70,77,83,64,83,80,79,4,6,4,5,5,5,4,6,4,5,3,5,3,4,5,5
264,30,1,US,1,8,5,georgia,2,4,5,5,5,2,5,5,3,2,2,3,5,5,3,3,2,3,3,57,78,63,59,40,66,60,58,62,83,77,45,3,6,5,3,3,5,3,5,5,3,5,4,5,3,5,2
265,42,0,US,2,8,3,usa,6,7,6,7,7,6,6,5,6,7,7,7,7,6,7,7,7,7,7,97,79,100,87,85,92,93,99,96,100,100,94,7,7,6,7,7,7,7,6,7,7,7,6,7,7,6,7
266,52,1,US,1,5,5,MI,6,7,7,7,7,6,6,6,6,6,6,7,6,7,6,7,7,7,7,98,98,90,99,98,92,91,92,100,97,90,89,7,6,7,6,6,7,7,6,7,7,6,6,6,7,7,6
267,29,1,US,1,6,4,new york,4,2,7,3,7,5,4,7,3,4,2,6,2,6,6,5,1,1,4,51,51,51,51,51,51,62,51,51,52,52,51,2,5,4,2,1,5,6,2,6,5,1,3,7,2,4,1
268,32,0,US,1,6,6,MI,7,7,7,4,7,5,2,5,5,3,4,4,5,3,3,1,2,5,5,51,62,93,8,12,51,51,83,96,100,100,72,7,2,2,2,4,7,4,4,7,6,6,7,6,5,6,2
269,22,1,US,1,2,3,Georgia,6,6,3,2,2,4,4,2,3,5,3,3,4,5,4,2,5,4,5,33,32,34,50,32,33,37,37,22,44,34,25,3,3,2,5,5,4,4,5,3,4,4,3,4,5,2,2
270,40,1,US,1,6,2,California,5,5,4,5,4,5,6,5,6,6,6,5,4,4,6,5,6,5,4,21,58,62,67,38,73,66,50,57,93,68,62,6,5,4,4,6,6,4,2,6,7,3,4,5,6,5,6
271,30,1,US,1,5,3,NY,5,6,4,7,5,6,2,1,3,6,2,2,3,2,3,5,2,5,7,33,31,68,70,97,81,90,73,82,83,64,66,1,6,4,4,6,3,4,1,7,7,7,6,1,3,4,4
272,37,1,US,1,2,2,WV,4,4,4,4,4,3,4,2,5,3,5,7,1,6,4,2,1,6,6,20,60,30,10,80,75,100,85,60,40,100,40,3,1,2,1,3,1,2,2,6,5,6,6,5,5,6,7
273,25,1,US,1,6,4,caliornia,6,4,5,4,6,5,5,4,6,4,5,4,6,5,6,6,5,5,6,87,87,89,81,85,74,73,73,76,91,82,86,4,6,6,5,6,5,4,6,5,5,5,4,6,6,6,6
274,30,1,US,1,6,7,indiana,5,4,6,6,5,5,7,5,6,7,6,6,7,4,6,5,6,6,6,81,77,66,54,67,80,76,72,71,83,74,68,7,7,6,6,6,3,7,4,7,6,5,4,6,5,7,6
275,34,1,US,1,8,5,illinois,4,4,4,3,4,4,4,5,4,4,5,5,4,5,4,4,2,5,5,53,56,53,64,51,44,55,51,92,38,100,54,4,4,4,4,3,4,4,4,7,7,7,5,7,7,4,4
276,46,0,US,1,6,4,california,6,6,6,6,7,7,7,6,6,7,6,6,6,6,4,6,7,7,7,51,91,81,87,94,51,77,85,78,77,82,89,6,6,7,6,6,7,7,7,7,7,7,7,6,6,5,5
277,38,1,US,1,6,5,Indiana,7,4,5,7,7,7,4,4,2,4,6,5,5,5,5,5,5,6,4,0,69,65,77,65,23,100,87,59,94,73,55,4,5,5,6,6,6,4,5,7,6,5,5,7,6,7,5
278,45,0,US,1,6,4,INDIANA,4,5,4,4,4,5,5,5,4,5,4,5,5,6,5,5,4,4,5,54,69,65,77,77,63,73,68,79,75,72,79,5,4,5,6,5,5,5,6,5,5,6,5,6,5,6,6
279,25,1,US,1,6,5,CA,5,5,5,5,4,6,3,3,6,5,5,6,4,4,5,3,4,6,4,40,76,36,78,46,77,80,64,64,79,61,45,4,4,4,5,6,6,3,4,5,3,5,3,6,5,5,5
280,31,1,US,1,5,8,PA,4,6,6,6,6,5,4,6,7,3,2,5,6,2,3,2,6,2,4,60,15,65,50,80,45,50,40,12,30,70,30,1,2,2,3,1,1,1,1,6,5,6,7,7,7,6,6
281,25,0,US,1,6,5,indiana,4,5,4,6,6,4,6,5,5,6,3,4,6,4,6,6,6,5,5,87,93,73,76,58,77,87,70,65,66,87,88,6,4,5,5,4,6,6,7,6,5,5,5,6,6,6,4
282,73,0,US,1,6,4,MS,5,6,4,5,6,6,6,6,5,5,4,3,6,4,5,5,4,5,5,31,74,62,89,58,32,63,67,43,74,39,56,5,5,4,6,5,5,5,5,6,4,5,5,5,6,5,4
283,30,0,US,1,8,5,TN,5,5,6,6,5,6,5,7,7,6,7,6,6,6,7,7,6,6,7,87,93,88,88,86,95,87,84,96,96,96,94,5,7,7,5,7,6,6,6,6,7,6,6,6,6,6,5
284,46,1,US,1,6,5,oregon,7,5,6,5,6,6,5,2,6,6,7,5,6,5,7,7,6,6,5,85,100,100,100,100,85,100,100,85,100,100,100,6,7,6,7,5,7,7,6,5,6,5,5,7,6,5,6
285,42,0,US,1,8,5,TX,6,5,6,5,6,4,5,5,5,3,6,4,7,5,5,5,4,5,7,75,38,87,60,78,64,45,85,41,69,41,65,5,4,5,6,4,4,6,6,5,4,5,5,6,4,5,3
286,46,1,US,1,6,6,TN,1,2,4,2,2,4,3,5,2,5,4,7,4,3,5,1,2,7,4,50,100,78,94,51,100,50,81,100,80,100,100,1,1,2,1,1,1,1,1,7,7,7,1,6,4,1,7
287,24,0,US,1,8,7,md,6,6,6,7,5,6,5,5,5,5,6,5,6,5,4,4,6,6,6,10,26,87,73,81,31,64,86,32,66,83,64,4,6,4,5,4,5,5,4,4,4,3,4,5,5,4,5
288,38,0,US,1,4,3,NC,5,4,6,5,6,4,4,4,5,4,4,3,4,4,4,5,5,4,4,83,64,32,4,74,0,0,2,47,79,71,25,3,3,3,3,3,4,4,3,5,5,5,5,6,5,6,5
289,41,0,US,1,6,5,Indiana,5,5,6,5,6,4,4,5,3,5,5,6,6,6,6,5,5,5,5,34,38,88,77,69,21,93,96,38,72,76,57,5,4,4,5,5,4,6,5,6,5,5,5,4,4,5,6
290,42,0,US,1,6,5,FL,5,6,6,6,5,5,5,5,6,5,6,6,6,6,5,5,5,6,5,75,81,81,89,82,88,77,87,89,83,81,86,5,6,5,5,6,6,6,6,5,5,5,5,5,5,6,6
291,40,0,US,1,8,6,California,4,7,2,7,1,5,5,2,7,1,4,4,6,5,4,2,7,4,4,30,87,69,76,71,41,67,79,51,34,97,82,4,4,7,3,5,4,5,3,6,7,5,4,6,5,7,5
292,27,1,US,1,6,8,Maryland,7,7,7,7,7,2,1,2,7,1,1,2,5,5,3,7,7,2,7,85,15,10,20,85,15,50,40,75,50,50,15,1,1,1,1,1,1,1,1,7,7,7,7,7,7,5,7
293,59,1,US,1,6,3,Oklahoma,6,6,6,6,6,6,6,6,4,6,2,6,6,2,6,2,3,5,6,4,83,99,100,85,98,96,99,87,93,92,100,2,6,6,2,6,2,6,6,6,6,6,6,6,6,6,6
294,38,1,US,1,6,2,GA,3,5,5,3,3,5,3,5,3,5,3,5,5,3,3,1,1,4,5,50,95,100,30,65,80,50,20,90,90,90,90,1,1,3,3,1,1,1,1,6,5,6,5,6,5,5,6
295,60,0,US,1,6,4,USA,5,5,5,3,5,5,4,3,5,5,3,6,3,4,4,6,6,6,5,82,75,78,77,71,70,77,71,72,86,82,73,4,4,2,6,6,6,3,5,5,3,6,6,4,6,5,5
296,22,1,US,1,6,4,CA,5,5,7,7,7,5,6,6,7,6,5,6,5,7,7,6,7,5,7,65,83,79,77,95,84,81,93,84,75,67,86,7,7,6,7,6,7,7,5,7,5,7,6,6,6,6,5
297,25,0,US,1,5,5,indiana,7,7,4,7,7,4,4,5,7,6,5,6,5,4,5,4,6,4,6,88,94,81,86,92,95,92,93,94,85,95,83,6,7,5,6,4,5,6,7,6,4,4,5,4,5,7,4
298,26,0,US,1,8,5,Louisiana,5,6,7,5,6,6,6,6,7,7,5,6,6,7,7,6,6,6,5,8,86,91,82,89,86,84,86,92,89,96,92,5,6,5,6,5,6,7,4,6,7,6,5,7,5,6,6
299,32,0,US,1,5,4,CALIFORNIA ,5,5,4,4,5,5,5,4,4,4,4,3,5,4,6,5,5,5,4,56,62,54,57,60,45,61,55,61,56,69,41,5,5,5,5,4,4,4,5,3,4,4,4,5,5,4,5
300,25,1,US,1,6,5,Indiana,2,2,5,4,3,3,4,4,3,4,4,4,3,3,5,5,3,4,3,0,83,77,80,77,5,91,87,1,100,82,69,3,6,4,5,7,2,4,6,4,4,6,5,3,4,6,4
301,30,1,US,1,6,6,INDIANA,6,6,5,7,7,6,6,7,7,6,7,7,7,7,6,6,7,7,7,70,72,66,76,72,68,70,73,66,65,75,68,6,6,6,7,6,7,6,6,6,6,6,4,6,6,6,6
302,40,1,US,1,2,3,MO,1,1,5,3,1,2,2,2,6,2,5,4,2,6,4,3,2,4,6,50,48,0,69,80,60,0,0,36,19,71,0,1,1,1,1,1,1,1,1,7,7,7,7,7,7,7,7
303,42,1,US,1,6,4,Taxes,5,4,5,6,6,5,3,7,5,5,5,6,6,7,7,6,5,4,5,88,44,84,100,78,70,66,68,71,79,91,67,5,5,3,4,4,5,7,4,5,5,6,6,7,5,4,6
304,34,1,US,2,7,6,TX,7,4,7,4,4,5,5,7,6,5,4,6,4,4,6,4,6,5,5,76,70,60,76,72,62,82,60,64,70,80,61,5,5,5,6,5,4,7,6,4,6,6,6,5,4,4,5
305,30,1,US,3,6,5,DE,6,6,7,5,6,6,6,7,7,2,2,6,6,6,6,6,7,7,6,12,70,37,90,82,27,95,69,72,84,94,87,7,2,2,1,7,7,2,6,6,2,6,6,6,6,6,7
306,25,0,US,1,8,6,Georgia,6,6,6,5,5,6,5,6,6,5,5,6,6,5,5,5,5,5,5,79,76,72,77,73,73,74,73,67,82,74,73,6,6,5,6,6,5,5,6,6,5,5,5,6,5,5,6
307,25,1,US,1,6,5,Indiana,4,4,3,4,4,3,3,4,4,4,2,3,3,4,3,4,3,3,4,18,50,50,50,50,21,50,50,50,50,50,50,5,4,4,4,4,4,4,4,5,5,4,4,4,5,5,5
308,31,1,US,2,5,5,AL,6,6,7,4,5,6,7,6,5,7,5,6,5,6,7,7,7,7,7,70,75,57,100,35,59,69,100,84,79,33,44,6,5,5,7,6,7,6,4,5,7,6,4,7,6,7,6
309,33,0,US,1,6,3,Indiana,6,4,6,6,3,5,3,3,5,4,5,6,5,7,4,4,7,3,3,82,79,62,65,66,9,97,52,92,100,79,45,5,6,6,4,5,5,7,6,6,5,7,6,7,4,6,4
310,30,0,US,1,6,5,Hawaii,7,5,5,7,7,6,5,7,6,5,6,6,6,5,6,4,7,7,6,61,100,81,100,35,80,100,97,90,70,97,67,7,7,6,6,7,5,6,5,6,5,6,6,6,6,5,7
311,54,0,US,1,2,2,Ohio,5,7,5,5,7,5,3,3,6,3,3,5,3,3,3,3,3,3,6,92,31,62,30,95,4,7,23,73,71,95,61,1,1,1,1,1,1,1,1,7,7,7,7,7,7,7,7
312,45,1,US,2,7,4,LA,6,5,6,5,5,5,6,5,5,5,6,6,5,5,6,5,6,6,6,76,45,82,61,85,70,76,67,76,70,79,82,4,4,5,4,7,5,4,5,5,6,5,5,6,5,5,6
313,42,1,US,1,6,3,TEXAS,4,6,3,4,4,6,6,5,4,5,5,4,5,6,5,6,5,5,3,70,36,80,68,72,63,53,73,57,85,62,71,6,4,3,5,4,5,3,4,3,6,4,3,6,6,6,6
314,66,0,US,1,6,8,OR,5,6,6,5,4,5,6,6,5,4,7,4,5,7,7,7,4,6,4,100,100,90,86,88,95,92,100,100,99,88,89,6,3,4,5,5,7,4,7,6,4,4,5,6,6,4,4
315,24,1,US,1,6,4,Califronia,5,4,4,5,4,4,6,5,4,5,4,4,5,6,4,6,4,5,5,63,62,66,64,70,69,41,67,61,60,43,40,4,3,3,4,4,3,5,3,4,5,3,5,4,3,5,4
316,50,0,US,1,6,5,missouri,7,7,6,2,7,6,4,5,1,7,7,1,7,1,6,7,6,1,7,0,74,100,69,100,0,85,70,0,100,100,0,6,2,7,7,6,6,6,7,7,7,7,7,7,7,7,7
317,33,1,US,1,2,3,South Carolina,6,6,3,6,6,3,2,5,6,5,5,5,2,7,5,5,3,2,5,90,17,42,50,91,46,40,19,80,40,60,20,1,1,1,1,1,1,1,1,7,7,7,7,7,7,7,7
318,28,0,US,4,8,3,New York,5,4,4,5,5,4,5,6,5,4,4,4,5,5,5,5,6,4,4,25,39,59,80,62,8,79,76,62,73,73,63,2,4,4,4,6,6,5,5,4,7,3,7,5,6,6,6
319,50,1,US,1,8,4,Texas,6,7,4,5,6,5,7,5,6,4,5,7,7,6,7,6,7,6,6,77,76,86,92,81,79,88,85,93,80,90,87,7,7,5,7,6,5,4,5,6,7,6,6,4,6,6,7
320,30,1,US,1,8,5,georiga,6,4,7,7,6,6,6,7,7,5,4,5,5,7,5,4,6,7,5,71,84,92,61,76,70,79,86,75,82,80,95,7,5,7,7,7,6,5,5,5,6,6,7,4,7,5,5
321,25,0,US,1,8,6,Kentucky,5,6,6,5,6,6,6,5,5,6,5,6,6,6,5,5,5,5,5,81,79,79,76,82,74,72,75,83,75,80,75,5,5,5,5,6,5,6,6,5,5,5,6,6,6,5,5
322,42,1,US,1,6,3,CALIFORNIA,4,5,5,4,5,5,4,3,6,4,5,4,4,5,5,5,5,4,4,44,81,66,83,88,78,87,70,77,74,83,66,5,5,4,5,5,4,6,4,4,5,5,4,5,6,5,4
323,42,1,US,1,6,6,CA,7,6,6,6,4,5,3,5,7,5,4,4,7,5,3,5,6,7,3,96,100,97,100,91,99,100,96,100,100,98,100,5,5,6,5,5,5,5,6,7,6,5,7,4,6,5,6
324,52,1,US,1,6,6,New York,6,5,5,4,4,6,6,4,6,5,5,6,6,5,5,4,6,5,5,67,83,60,69,79,51,87,64,62,79,69,81,6,6,6,6,5,4,5,4,6,5,4,5,5,4,4,5
325,33,1,US,2,4,3,Maryland,6,7,6,7,7,5,2,4,4,6,5,5,5,5,2,6,6,4,6,100,0,60,0,100,50,100,11,51,100,100,30,1,1,1,1,1,1,1,1,7,7,7,7,7,7,7,7
326,30,1,US,1,5,6,INDIANA,5,5,5,4,4,5,6,6,6,7,5,6,4,4,5,5,6,3,4,68,75,67,67,68,67,74,67,77,71,70,66,7,6,6,7,7,6,7,7,7,6,7,4,6,6,7,7
327,49,0,US,1,6,7,Missouri,3,6,6,5,5,4,4,7,6,7,3,4,3,2,4,2,2,4,5,2,90,71,52,63,52,48,69,94,80,89,69,1,2,1,1,1,1,1,1,7,7,7,7,7,5,4,7
328,55,1,US,1,6,4,OHIO,4,4,6,5,5,5,4,5,4,4,4,5,3,5,5,3,4,5,4,51,56,56,55,51,50,52,52,55,53,53,54,4,4,4,5,4,3,5,4,5,5,3,5,4,5,4,5
329,63,1,US,1,4,1,PA,2,6,4,2,4,4,4,6,2,6,4,6,5,5,4,2,2,6,4,1,100,100,94,94,100,100,100,100,94,100,100,1,1,1,1,1,1,1,1,7,7,7,7,7,7,5,7
330,46,1,US,1,6,4,TN,5,3,4,3,5,5,4,5,4,4,5,4,3,4,5,3,4,4,4,45,70,47,64,62,57,60,58,64,67,76,57,4,3,3,3,5,4,5,5,4,4,5,4,3,4,4,4
331,42,1,US,1,6,6,Colorado,4,5,6,4,5,5,4,5,4,5,3,4,5,3,4,3,3,6,5,0,54,55,64,80,100,10,66,63,53,64,52,2,3,1,1,1,1,1,1,6,4,6,6,4,4,5,6
332,30,1,US,1,6,6,illinois,7,6,7,7,7,7,5,6,6,6,6,7,6,5,6,7,7,6,7,100,89,100,74,100,80,80,98,100,100,100,84,6,6,7,5,5,6,6,7,7,7,6,5,7,5,6,6
333,23,0,US,1,8,4,Texas,5,4,5,6,6,5,5,4,4,5,5,4,5,5,5,5,5,4,6,46,52,87,76,89,62,76,81,75,64,76,100,5,4,4,4,5,6,4,6,6,5,5,5,6,5,5,5
334,52,1,US,1,5,5,louisiana,6,6,7,6,5,6,5,4,7,7,5,7,6,6,7,5,5,5,5,84,100,100,100,100,100,100,100,100,100,90,100,6,5,6,6,6,7,5,5,5,6,6,7,6,7,7,7
335,37,0,US,1,6,2,IN,5,4,6,6,5,5,5,5,5,5,6,4,5,6,5,4,5,5,4,35,83,68,78,78,73,71,68,41,64,83,82,6,6,4,5,5,5,6,5,5,5,6,6,6,5,5,5
336,38,1,US,1,8,5,Texas,3,6,6,4,2,6,4,1,5,4,5,2,2,3,5,2,4,5,7,76,78,62,32,62,30,77,69,27,75,63,73,5,7,7,1,5,4,6,5,4,7,6,4,4,4,2,3
337,25,1,US,1,6,5,texas,6,6,6,7,6,5,5,6,7,6,6,7,5,6,5,5,6,5,5,59,77,98,66,82,78,58,58,60,85,72,64,6,5,6,5,5,5,6,6,6,6,5,6,5,6,4,5
338,40,0,US,1,6,5,Florida,6,6,6,5,6,6,5,3,2,7,5,5,5,6,6,6,6,5,5,57,70,94,82,86,62,88,88,79,82,80,66,6,6,5,6,7,6,5,5,5,5,7,6,6,6,7,5
339,58,1,US,1,2,3,Washington,4,6,5,5,5,6,3,5,3,6,3,5,4,4,3,3,3,5,6,50,80,75,40,40,65,65,60,85,70,70,60,1,1,1,1,1,5,1,1,5,3,7,5,5,5,5,7
340,41,1,US,1,6,4,newyork,6,5,4,5,5,5,4,4,5,5,5,4,4,6,6,5,4,4,6,82,81,74,68,80,78,72,80,84,63,73,66,4,3,5,4,4,4,4,5,4,4,4,4,5,4,3,4
341,52,1,US,1,6,6,OH,5,6,7,6,5,5,6,6,6,5,5,5,5,6,6,6,6,5,6,46,69,73,55,63,71,59,62,45,71,57,56,4,6,6,5,6,5,6,7,6,6,6,5,6,6,5,5
342,25,1,US,1,6,5,CA,3,3,5,6,4,2,7,6,2,7,4,6,7,5,2,1,6,4,1,58,68,62,33,75,63,79,83,77,38,39,81,2,5,2,4,7,1,1,6,6,6,7,1,2,1,5,6
343,25,0,US,1,6,4,Indiana,7,7,7,4,4,5,5,6,5,6,6,5,4,5,6,6,6,6,4,91,93,78,93,84,77,80,85,91,76,91,84,6,6,5,7,6,6,7,7,6,6,7,5,5,6,6,5
344,30,1,US,1,6,5,INDIANA,6,7,6,6,6,5,6,6,7,6,7,4,6,7,6,7,7,6,6,70,72,66,81,66,80,78,70,61,67,57,53,5,6,7,7,7,6,5,6,7,7,6,6,3,6,6,7
345,30,1,US,1,6,4,NY,4,7,5,6,5,1,6,4,3,6,3,7,1,6,3,7,6,5,6,85,69,72,83,35,74,72,34,64,64,84,82,4,1,6,4,6,3,7,6,5,5,6,1,4,1,5,6
346,59,0,US,1,6,5,Arizona ,6,7,7,7,7,5,5,3,5,5,1,2,6,1,2,5,6,2,7,89,51,75,0,61,0,26,1,85,61,57,51,1,1,1,1,1,1,1,1,7,7,7,7,7,7,7,7
347,35,1,US,1,10,4,california,6,4,5,5,6,6,5,4,6,5,4,6,6,4,5,4,5,6,6,70,75,69,81,73,89,80,89,77,91,78,85,5,6,6,7,6,6,6,5,6,6,6,5,5,6,7,6
348,34,0,US,7,6,6,Georgia,4,5,7,7,7,5,4,3,4,7,2,3,4,3,3,4,3,1,7,51,60,100,51,61,44,100,80,29,51,100,54,1,4,1,1,1,1,1,1,7,7,7,7,7,7,7,7
349,35,1,US,1,8,5,Alaska,5,6,4,5,4,3,5,5,5,6,3,3,6,3,4,3,5,6,7,80,41,86,45,33,70,70,31,36,68,62,67,6,5,5,5,4,6,4,4,7,4,5,3,3,6,5,4
350,28,0,US,4,6,4,INDIA,6,5,7,6,6,6,5,5,7,7,6,6,6,5,6,6,6,6,6,92,93,94,93,94,93,94,93,94,94,84,89,7,7,7,7,7,6,6,6,6,7,6,7,6,7,6,6
351,67,1,US,1,4,4,Indiana,7,7,7,7,7,7,3,6,5,5,1,1,7,1,1,4,6,1,7,100,25,39,0,100,24,50,50,92,16,100,50,1,1,1,1,1,1,1,1,7,7,7,7,7,7,7,7
352,43,1,US,1,8,6,Louisiana ,6,7,7,4,7,7,7,7,1,7,3,3,7,2,1,3,4,2,7,53,100,100,81,61,88,70,100,100,89,100,100,5,6,5,7,5,7,4,6,5,4,4,4,4,5,2,3
353,55,0,US,1,5,6,Michigan,5,4,7,4,6,4,7,4,4,6,1,2,4,1,1,2,4,7,6,0,100,100,100,50,100,100,100,100,100,100,100,3,1,1,1,1,5,3,1,4,5,7,7,5,4,1,3
354,45,0,US,1,6,4,WV,3,3,4,5,4,5,4,4,3,4,4,4,3,2,3,3,4,4,2,100,70,26,39,100,100,0,0,34,62,37,61,2,3,2,5,3,4,3,2,2,5,7,3,4,7,3,5
355,30,1,US,1,5,5,INDIANA,7,6,7,7,7,5,6,6,6,7,6,7,7,7,6,7,6,6,4,64,64,70,63,66,68,63,63,65,61,71,62,6,7,6,6,7,7,7,7,7,7,6,7,6,7,6,6
356,43,0,US,7,2,2,FL,6,5,6,6,7,4,6,4,7,7,5,5,4,6,4,4,2,7,5,100,60,60,50,100,42,0,50,100,61,100,50,1,1,1,1,1,1,1,1,7,7,7,7,7,7,7,7
357,57,0,US,1,4,5,Indiana,6,7,7,7,7,5,4,5,4,6,1,1,7,1,1,7,6,1,7,100,0,50,0,100,51,60,60,100,0,100,51,1,1,1,1,1,1,1,1,7,7,7,7,7,7,7,7
358,26,0,US,2,6,3,AR,5,3,3,4,5,5,3,5,4,4,4,3,3,2,5,6,4,6,5,72,60,97,68,71,100,86,87,82,89,81,91,6,4,2,5,6,4,5,2,3,5,5,6,5,4,4,4
359,43,1,US,1,6,5,texas,5,5,5,5,5,4,4,4,4,4,3,3,4,3,4,4,4,2,5,52,66,35,50,50,35,0,0,74,76,31,50,1,1,1,1,1,1,1,1,4,4,7,5,4,5,3,7
360,45,1,US,1,6,5,Maryland,4,7,5,1,7,2,5,7,1,7,3,6,5,1,6,2,1,1,7,100,80,70,0,90,0,30,100,85,25,100,100,1,1,1,1,1,1,1,1,7,7,7,7,7,7,7,7
361,39,1,US,2,2,5,Arkansas,5,6,6,6,6,2,4,2,6,4,2,3,6,2,4,6,4,2,6,5,50,50,50,75,50,100,90,95,50,100,25,1,1,1,1,1,1,1,1,7,7,7,7,7,7,7,7
362,39,1,US,1,6,6,FLORIDA,5,5,5,6,5,5,5,6,5,7,4,6,5,5,4,6,5,6,5,40,67,61,89,66,68,83,83,76,83,88,42,5,5,5,5,6,6,6,5,6,5,5,5,5,5,5,6
363,34,1,US,1,5,6,NH,6,6,6,7,6,6,6,6,7,7,6,7,7,6,6,7,7,7,5,97,98,91,93,95,97,93,88,95,92,94,98,6,7,6,7,6,7,6,6,6,6,7,7,6,6,7,7
364,30,1,US,1,5,6,INDIANA,6,5,5,6,6,5,6,6,6,5,4,5,6,5,6,6,6,6,5,80,74,64,68,73,79,65,65,66,65,67,80,7,7,7,6,6,6,7,7,6,6,6,6,7,7,7,6
365,40,1,US,1,5,2,Washington,7,7,7,6,7,7,6,6,7,6,7,6,7,7,6,7,7,7,7,36,88,89,85,76,35,91,93,44,86,94,51,7,6,7,6,5,5,6,7,7,6,6,6,6,6,6,6
366,42,0,US,1,8,6,TEXAS,6,6,6,5,7,6,6,4,6,6,7,6,7,6,6,5,7,6,7,70,74,79,78,80,69,66,81,83,69,78,77,5,6,4,5,4,7,6,6,6,6,6,6,6,6,5,3
367,26,1,US,1,7,6,sc,2,6,5,3,5,3,3,2,5,4,2,5,6,5,6,5,6,7,7,75,29,26,79,71,81,28,90,18,75,98,59,2,2,1,6,5,3,1,1,7,7,6,7,7,7,7,6
368,45,1,US,1,6,3,NC,5,6,6,6,5,6,6,7,4,5,5,6,7,7,5,6,6,6,6,20,88,83,85,90,29,87,95,75,83,90,64,4,6,6,6,5,5,4,5,5,5,4,5,6,5,5,5
369,52,1,US,1,6,4,Louisiana  ,5,7,6,6,6,6,6,7,6,7,6,6,6,5,6,5,7,6,7,3,82,66,75,70,4,59,37,70,58,69,67,5,5,5,6,5,5,3,5,5,6,6,6,5,6,6,6
370,28,1,US,1,5,4,sc,4,4,6,3,4,1,4,7,1,5,5,7,7,7,5,1,5,6,1,52,51,74,76,36,28,100,82,97,31,63,61,2,2,1,7,1,1,2,2,5,5,6,5,6,7,7,5
371,25,0,US,1,6,8,Massachusetts,4,4,5,1,7,3,1,2,1,2,5,5,1,7,4,4,2,5,5,80,0,28,22,87,51,51,36,51,8,51,0,1,1,1,1,1,1,1,1,7,7,7,7,7,7,7,7
372,36,1,US,2,6,4,ma,5,5,5,5,5,4,4,2,6,5,6,4,2,4,5,3,4,6,5,51,51,49,0,35,51,61,51,78,100,50,51,1,1,1,1,1,1,1,1,7,7,7,7,7,7,7,1
373,35,0,US,1,6,3,FLORIDA,5,5,5,5,4,4,4,5,5,4,4,4,5,5,4,5,5,5,5,61,62,60,60,64,62,82,61,59,81,61,62,4,4,5,6,5,6,4,4,4,4,6,6,5,6,5,4
374,25,1,US,5,6,4,FL,5,3,6,7,3,5,6,3,4,3,6,5,3,5,5,5,5,6,7,34,78,51,51,32,71,32,76,90,82,35,68,7,2,2,7,7,4,1,6,4,4,6,3,6,7,7,7
375,25,1,US,1,6,5,CA,7,7,1,1,7,3,7,5,3,5,1,5,5,3,4,1,4,2,3,69,73,36,80,67,38,36,37,63,77,75,62,4,7,5,1,6,3,7,4,6,2,6,5,1,4,1,7
376,35,1,US,1,7,5,ca,7,6,7,7,7,7,7,7,7,6,7,6,7,6,7,6,6,6,7,67,70,91,80,85,82,79,86,88,84,70,74,7,7,7,6,6,7,7,7,7,6,6,7,7,6,7,7
377,26,1,US,3,8,6,Indiana,6,7,7,7,7,7,6,6,7,6,6,6,7,7,6,6,6,6,7,97,99,93,97,97,92,92,98,98,94,93,92,6,7,7,5,5,6,5,6,7,7,6,6,7,5,6,6
378,33,1,US,1,8,5,Montana,5,4,3,4,5,3,4,5,2,4,3,4,2,6,5,6,6,4,4,84,66,69,75,74,95,62,61,27,90,64,59,6,6,4,5,4,4,7,5,5,4,2,3,4,5,6,5
379,25,0,US,1,5,4,indiana,5,6,7,7,5,4,6,4,5,5,4,4,6,5,6,4,6,5,6,77,79,90,78,79,73,78,90,87,86,73,89,5,6,3,6,4,4,5,5,5,7,6,5,4,5,6,7
380,35,0,US,1,8,4,SC,5,5,5,6,5,4,6,5,5,5,5,5,4,5,5,5,5,4,5,44,67,62,63,67,37,79,73,63,56,73,56,6,5,5,5,5,5,5,5,5,5,5,4,6,5,4,5
381,29,1,US,5,5,3,TX,6,7,6,4,5,6,3,7,6,2,7,6,1,1,2,3,1,5,3,51,74,26,51,77,65,51,51,26,32,72,73,1,6,6,1,5,3,6,4,3,7,5,2,4,6,7,1
382,26,0,US,1,9,6,Washington,4,6,5,5,5,6,6,5,4,4,6,6,5,6,6,6,7,5,5,70,72,79,82,67,73,80,78,81,78,81,76,7,5,6,5,5,7,7,6,6,5,6,6,6,5,6,6
383,47,0,US,3,4,5,MN,6,6,2,5,5,2,6,2,6,6,6,6,2,6,6,2,2,6,5,85,88,30,0,0,0,12,11,100,68,20,20,1,4,1,6,1,1,1,1,7,7,7,7,7,7,7,7
384,56,0,US,1,2,5,OR,5,5,5,7,7,5,5,5,5,6,5,7,7,5,5,3,5,7,5,80,87,71,31,75,63,59,67,71,38,64,61,4,5,6,5,6,6,5,5,5,4,6,4,5,6,6,6
385,30,1,US,1,4,5,INDIANA,7,7,7,6,6,6,6,6,7,7,6,6,6,7,5,7,7,7,7,62,68,65,67,68,76,67,65,72,69,71,71,6,7,6,6,6,6,5,6,5,6,5,7,7,5,7,6
386,25,0,US,1,6,5,INDIANA,3,4,6,3,3,3,6,4,4,4,4,3,5,6,4,5,4,2,3,1,78,91,93,64,2,92,95,87,80,75,65,4,3,5,5,4,5,5,4,5,3,3,4,4,4,6,4
387,32,1,US,1,6,6,la,6,6,6,6,6,6,6,6,7,6,6,6,6,6,6,7,6,6,6,74,91,84,84,83,95,71,89,86,84,99,95,5,5,6,7,6,7,6,6,5,6,5,6,7,5,7,6
388,52,1,US,1,6,4,California,5,5,5,7,6,5,5,6,3,6,5,5,7,3,4,6,5,4,5,63,63,87,76,70,44,86,88,65,72,61,66,5,5,5,4,4,6,4,5,2,4,5,5,6,3,6,2
389,35,1,US,2,5,6,USA,5,4,4,4,4,4,4,4,4,4,4,4,4,5,4,4,4,4,4,57,75,85,71,51,59,61,51,50,56,66,51,4,4,4,4,4,4,4,4,4,4,4,4,4,4,4,4
390,41,1,US,1,5,7,arizona,6,5,5,5,6,6,6,6,5,4,5,4,6,5,5,5,5,6,5,46,70,74,75,73,57,43,53,72,79,75,62,6,6,5,5,6,5,6,6,5,5,6,5,6,5,5,5
391,51,0,US,1,6,4,VA,4,5,5,6,5,4,4,4,6,5,5,4,6,5,4,5,5,5,5,50,53,74,41,54,49,50,56,52,51,60,59,5,5,6,4,5,6,5,6,6,6,6,6,5,6,5,6
392,40,1,US,1,6,8,NJ,6,7,7,7,7,5,2,2,5,7,1,3,7,1,2,4,3,2,7,89,24,90,5,8,0,6,12,43,78,85,95,6,1,5,1,1,7,1,1,2,2,3,3,4,4,2,7
393,50,0,US,1,5,4,la,6,7,5,6,7,6,5,6,6,6,6,5,7,6,7,6,4,6,7,5,72,67,75,67,5,76,74,76,65,68,62,5,6,4,5,5,4,4,5,5,4,5,4,6,6,5,5
394,35,0,US,1,6,4,WA,4,5,5,5,5,4,5,4,4,5,4,5,5,4,4,5,6,4,5,48,71,71,69,61,45,77,64,67,70,61,51,6,5,5,5,6,5,5,4,4,5,5,5,5,5,4,5
395,30,0,US,1,8,5,FL,6,6,6,7,6,5,6,6,7,6,7,6,7,6,7,7,5,6,6,83,87,83,95,96,80,81,94,94,93,93,85,6,6,6,7,6,7,6,6,5,6,5,5,7,7,6,5
396,44,0,US,1,5,4,WASHINGTON,5,6,5,5,6,5,6,4,5,6,6,7,6,5,5,6,6,5,6,45,56,45,55,47,55,56,46,45,55,55,47,6,5,6,5,6,4,7,5,5,6,5,5,6,5,5,5
397,25,0,US,1,6,5,illinois ,3,4,4,3,4,4,4,5,4,5,4,4,4,5,5,4,4,4,5,24,50,50,50,50,19,50,50,50,50,50,50,3,3,5,5,4,4,4,5,3,4,4,4,3,4,2,4
398,40,1,US,1,5,3,Urbandale,6,6,6,6,2,5,7,3,2,2,4,6,6,6,6,4,4,2,5,5,85,74,72,70,76,89,71,87,72,82,82,6,7,5,4,6,5,5,5,4,7,6,7,5,4,6,5
399,55,1,US,1,8,6,Texas,5,5,4,6,6,5,7,6,7,6,6,6,5,5,6,7,6,5,5,75,92,65,77,85,94,95,77,90,77,77,77,7,5,6,5,6,6,7,5,6,5,6,4,4,5,5,6
400,25,1,US,1,6,5,Indiana,4,3,5,4,4,5,4,4,3,4,5,4,4,4,4,4,4,4,4,31,50,51,52,55,33,55,51,50,50,50,51,4,4,4,3,4,4,4,4,3,4,3,4,4,4,4,4
401,30,1,US,1,6,5,indiana,5,6,7,7,6,7,6,7,6,7,6,6,7,7,7,6,6,6,7,62,81,67,65,69,72,65,65,72,72,65,67,7,6,6,7,6,7,7,7,6,6,7,6,7,6,7,7
402,32,1,US,1,8,7,USA,6,6,5,5,5,6,6,5,6,6,5,5,6,5,5,5,6,5,6,31,62,91,87,87,62,89,91,79,77,82,75,4,5,5,2,6,5,5,6,6,6,5,5,7,4,6,5
403,48,1,US,1,6,5,Hawaii,6,5,6,6,6,5,6,6,6,5,5,6,6,6,6,5,5,6,6,84,90,84,89,88,90,90,78,91,85,90,85,6,5,6,6,6,5,6,6,5,6,6,6,5,5,5,5
404,29,1,US,1,6,5,new york,6,6,3,7,4,2,5,6,6,4,4,2,6,5,2,1,2,6,3,73,93,73,65,64,78,74,72,73,81,67,68,5,3,4,1,5,2,6,4,6,3,5,1,4,7,3,7
405,48,0,US,1,8,5,nc,4,5,5,4,4,3,4,6,3,3,3,4,4,2,4,6,5,3,4,85,77,47,72,63,67,68,84,88,79,88,68,4,5,5,4,4,5,5,4,5,6,5,5,4,4,3,3
406,55,0,US,1,5,5,N J,5,5,5,5,5,6,6,5,6,6,6,5,5,4,6,6,5,6,5,75,72,76,63,80,73,75,66,71,80,72,75,7,6,7,7,6,6,6,6,6,6,6,6,6,6,7,6
407,48,1,US,1,4,5,USA,6,6,5,6,5,6,5,6,5,6,6,5,5,6,6,6,6,5,5,86,90,82,88,86,88,90,90,86,88,89,85,6,5,6,5,5,6,6,5,6,5,6,6,5,6,6,5
408,33,1,US,1,6,4,Illinois,7,7,6,7,7,2,2,5,6,5,4,1,5,5,3,6,5,2,6,75,15,50,50,75,50,10,4,15,50,5,50,1,1,1,1,1,1,1,1,7,7,7,7,7,7,7,7
409,28,0,US,1,8,5,ohio,4,5,6,6,2,5,3,2,2,3,5,5,5,3,4,6,6,4,3,25,75,100,94,99,60,69,100,87,99,95,86,6,7,5,6,5,5,4,6,4,6,6,5,4,3,2,4
410,29,1,US,1,6,4,new york,5,6,4,4,4,4,5,6,4,5,4,6,5,3,4,4,5,5,6,81,64,93,77,74,72,93,75,78,88,71,72,3,3,4,5,5,4,4,6,5,6,7,5,4,6,4,5
411,41,0,US,1,6,5,indiana,5,5,5,5,5,5,5,5,5,5,6,6,6,6,6,5,6,6,6,63,61,58,58,58,65,56,73,58,51,66,78,4,5,5,4,5,5,5,6,5,5,6,6,6,6,6,5
412,29,1,US,1,6,4,new york,5,4,1,1,2,4,4,2,5,5,3,2,2,6,6,4,1,5,2,39,74,67,33,70,83,45,37,61,68,44,78,3,3,7,5,2,4,7,5,5,1,7,2,6,2,2,6
413,52,1,US,1,8,6,MINNESOTA,5,6,6,6,5,7,5,5,6,6,6,6,6,6,6,6,5,5,7,84,93,87,85,82,91,82,88,90,87,88,84,5,3,4,4,3,4,4,4,4,4,3,4,3,3,3,3
414,29,1,US,1,5,3,indiana,6,5,5,3,5,4,5,4,5,5,6,6,5,4,4,4,5,4,3,30,29,79,80,25,70,87,74,68,70,87,78,5,5,6,5,4,6,6,5,4,3,6,5,5,6,4,4
415,25,1,US,1,6,5,SC,4,5,5,4,5,4,4,4,5,5,5,5,4,4,4,4,5,5,4,0,86,97,98,97,0,100,94,72,89,74,67,4,3,4,4,5,5,5,4,4,3,4,4,5,5,4,4
416,32,1,US,1,6,5,Indiana,5,5,5,7,7,5,7,6,6,7,6,6,5,5,5,6,5,7,7,73,76,77,76,76,72,70,78,75,77,73,80,7,7,7,7,7,6,7,6,7,7,7,6,6,6,6,7
417,24,1,US,1,6,5,California,7,6,4,2,7,3,4,7,4,3,3,7,4,1,1,4,4,4,4,67,76,40,43,65,71,61,62,64,62,62,41,5,3,4,2,2,4,4,6,3,5,3,3,5,5,3,4
418,25,1,US,1,6,4,indiana,6,5,5,6,6,6,6,5,5,5,5,4,5,6,5,6,5,6,5,55,62,61,57,60,59,59,63,68,62,69,58,5,6,6,4,5,5,5,6,6,6,5,5,5,4,5,5
